,realtime_start,date,value
0,1960-03-15,1948-01-01,3.5
1,1966-02-08,1948-01-01,3.4
2,1960-03-15,1948-02-01,3.8
3,1966-02-08,1948-02-01,3.9
4,1967-02-09,1948-02-01,3.8
5,1960-03-15,1948-03-01,4.0
6,1960-03-15,1948-04-01,4.0
7,1964-02-06,1948-04-01,4.1
8,1966-02-08,1948-04-01,4.0
9,1967-02-09,1948-04-01,3.9
10,1960-03-15,1948-05-01,3.6
11,1964-02-06,1948-05-01,3.5
12,1960-03-15,1948-06-01,3.8
13,1964-02-06,1948-06-01,3.7
14,1967-02-09,1948-06-01,3.6
15,1960-03-15,1948-07-01,3.7
16,1964-02-06,1948-07-01,3.6
17,1966-02-08,1948-07-01,3.7
18,1967-02-09,1948-07-01,3.6
19,1960-03-15,1948-08-01,3.9
20,1961-02-09,1948-08-01,4.0
21,1964-02-06,1948-08-01,3.9
22,1960-03-15,1948-09-01,3.8
23,1960-03-15,1948-10-01,3.7
24,1961-02-09,1948-10-01,3.6
25,1964-02-06,1948-10-01,3.7
26,1960-03-15,1948-11-01,3.8
27,1962-01-31,1948-11-01,3.7
28,1964-02-06,1948-11-01,3.8
29,1960-03-15,1948-12-01,4.0
30,1961-02-09,1948-12-01,3.8
31,1964-02-06,1948-12-01,4.0
32,1960-03-15,1949-01-01,4.4
33,1961-02-09,1949-01-01,4.3
34,1960-03-15,1949-02-01,4.7
35,1960-03-15,1949-03-01,5.0
36,1963-03-07,1949-03-01,4.9
37,1966-02-08,1949-03-01,5.0
38,1960-03-15,1949-04-01,5.4
39,1963-03-07,1949-04-01,5.6
40,1964-02-06,1949-04-01,5.4
41,1966-02-08,1949-04-01,5.3
42,1960-03-15,1949-05-01,6.2
43,1961-02-09,1949-05-01,6.1
44,1962-01-31,1949-05-01,6.2
45,1964-02-06,1949-05-01,6.1
46,1966-02-08,1949-05-01,6.0
47,1967-02-09,1949-05-01,6.1
48,1960-03-15,1949-06-01,6.0
49,1961-02-09,1949-06-01,6.1
50,1964-02-06,1949-06-01,6.2
51,1960-03-15,1949-07-01,6.5
52,1961-02-09,1949-07-01,6.7
53,1963-03-07,1949-07-01,6.6
54,1966-02-08,1949-07-01,6.7
55,1960-03-15,1949-08-01,6.8
56,1961-02-09,1949-08-01,7.0
57,1964-02-06,1949-08-01,6.8
58,1960-03-15,1949-09-01,6.5
59,1961-02-09,1949-09-01,6.6
60,1963-03-07,1949-09-01,6.5
61,1964-02-06,1949-09-01,6.6
62,1960-03-15,1949-10-01,7.8
63,1962-01-31,1949-10-01,7.7
64,1963-03-07,1949-10-01,7.6
65,1964-02-06,1949-10-01,7.9
66,1960-03-15,1949-11-01,6.5
67,1962-01-31,1949-11-01,6.4
68,1964-02-06,1949-11-01,6.5
69,1967-02-09,1949-11-01,6.4
70,1960-03-15,1949-12-01,6.6
71,1961-02-09,1949-12-01,6.4
72,1964-02-06,1949-12-01,6.6
73,1960-03-15,1950-01-01,6.6
74,1961-02-09,1950-01-01,6.5
75,1964-02-06,1950-01-01,6.6
76,1965-02-03,1950-01-01,6.5
77,1966-02-08,1950-01-01,6.6
78,1967-02-09,1950-01-01,6.5
79,1960-03-15,1950-02-01,6.4
80,1960-03-15,1950-03-01,6.3
81,1960-03-15,1950-04-01,6.0
82,1961-02-09,1950-04-01,5.9
83,1962-01-31,1950-04-01,6.0
84,1963-03-07,1950-04-01,6.1
85,1964-02-06,1950-04-01,5.8
86,1960-03-15,1950-05-01,5.7
87,1961-02-09,1950-05-01,5.6
88,1962-01-31,1950-05-01,5.7
89,1964-02-06,1950-05-01,5.5
90,1960-03-15,1950-06-01,5.3
91,1961-02-09,1950-06-01,5.4
92,1960-03-15,1950-07-01,5.0
93,1961-02-09,1950-07-01,5.1
94,1967-02-09,1950-07-01,5.0
95,1960-03-15,1950-08-01,4.5
96,1960-03-15,1950-09-01,4.5
97,1966-02-08,1950-09-01,4.6
98,1967-02-09,1950-09-01,4.4
99,1960-03-15,1950-10-01,4.2
100,1961-02-09,1950-10-01,4.1
101,1964-02-06,1950-10-01,4.2
102,1960-03-15,1950-11-01,4.2
103,1961-02-09,1950-11-01,4.1
104,1964-02-06,1950-11-01,4.2
105,1960-03-15,1950-12-01,4.3
106,1961-02-09,1950-12-01,4.2
107,1964-02-06,1950-12-01,4.3
108,1960-03-15,1951-01-01,3.7
109,1960-03-15,1951-02-01,3.5
110,1967-02-09,1951-02-01,3.4
111,1960-03-15,1951-03-01,3.4
112,1960-03-15,1951-04-01,3.2
113,1966-02-08,1951-04-01,3.1
114,1960-03-15,1951-05-01,3.1
115,1964-02-06,1951-05-01,3.0
116,1960-03-15,1951-06-01,3.3
117,1967-02-09,1951-06-01,3.2
118,1960-03-15,1951-07-01,3.2
119,1961-02-09,1951-07-01,3.1
120,1960-03-15,1951-08-01,3.2
121,1961-02-09,1951-08-01,3.1
122,1960-03-15,1951-09-01,3.4
123,1961-02-09,1951-09-01,3.3
124,1962-01-31,1951-09-01,3.4
125,1963-03-07,1951-09-01,3.3
126,1964-02-06,1951-09-01,3.4
127,1967-02-09,1951-09-01,3.3
128,1960-03-15,1951-10-01,3.6
129,1961-02-09,1951-10-01,3.5
130,1964-02-06,1951-10-01,3.6
131,1967-02-09,1951-10-01,3.5
132,1960-03-15,1951-11-01,3.6
133,1961-02-09,1951-11-01,3.5
134,1960-03-15,1951-12-01,3.1
135,1964-02-06,1951-12-01,3.2
136,1967-02-09,1951-12-01,3.1
137,1960-03-15,1952-01-01,3.1
138,1961-02-09,1952-01-01,3.2
139,1962-01-31,1952-01-01,3.1
140,1964-02-06,1952-01-01,3.2
141,1960-03-15,1952-02-01,3.2
142,1964-02-06,1952-02-01,3.1
143,1960-03-15,1952-03-01,3.0
144,1967-02-09,1952-03-01,2.9
145,1960-03-15,1952-04-01,3.0
146,1967-02-09,1952-04-01,2.9
147,1960-03-15,1952-05-01,3.1
148,1967-02-09,1952-05-01,3.0
149,1960-03-15,1952-06-01,3.1
150,1967-02-09,1952-06-01,3.0
151,1960-03-15,1952-07-01,3.3
152,1967-02-09,1952-07-01,3.2
153,1960-03-15,1952-08-01,3.4
154,1960-03-15,1952-09-01,3.1
155,1964-02-06,1952-09-01,3.2
156,1967-02-09,1952-09-01,3.1
157,1960-03-15,1952-10-01,3.0
158,1960-03-15,1952-11-01,2.8
159,1960-03-15,1952-12-01,2.7
160,1962-01-31,1952-12-01,2.6
161,1964-02-06,1952-12-01,2.7
162,1960-03-15,1953-01-01,2.9
163,1960-03-15,1953-02-01,2.6
164,1960-03-15,1953-03-01,2.6
165,1960-03-15,1953-04-01,2.7
166,1964-02-06,1953-04-01,2.8
167,1966-02-08,1953-04-01,2.7
168,1960-03-15,1953-05-01,2.6
169,1967-02-09,1953-05-01,2.5
170,1960-03-15,1953-06-01,2.7
171,1961-02-09,1953-06-01,2.6
172,1967-02-09,1953-06-01,2.5
173,1960-03-15,1953-07-01,2.7
174,1962-01-31,1953-07-01,2.6
175,1960-03-15,1953-08-01,2.6
176,1964-02-06,1953-08-01,2.7
177,1960-03-15,1953-09-01,2.9
178,1960-03-15,1953-10-01,3.1
179,1966-02-08,1953-10-01,3.2
180,1967-02-09,1953-10-01,3.1
181,1960-03-15,1953-11-01,3.6
182,1964-02-06,1953-11-01,3.5
183,1960-03-15,1953-12-01,4.5
184,1960-03-15,1954-01-01,4.8
185,1961-02-09,1954-01-01,4.9
186,1960-03-15,1954-02-01,5.3
187,1961-02-09,1954-02-01,5.2
188,1960-03-15,1954-03-01,5.6
189,1967-02-09,1954-03-01,5.7
190,1960-03-15,1954-04-01,5.8
191,1961-02-09,1954-04-01,5.7
192,1963-03-07,1954-04-01,5.8
193,1964-02-06,1954-04-01,5.9
194,1966-02-08,1954-04-01,5.8
195,1967-02-09,1954-04-01,5.9
196,1960-03-15,1954-05-01,5.9
197,1960-03-15,1954-06-01,5.5
198,1961-02-09,1954-06-01,5.7
199,1964-02-06,1954-06-01,5.6
200,1960-03-15,1954-07-01,5.7
201,1961-02-09,1954-07-01,5.8
202,1960-03-15,1954-08-01,6.0
203,1964-02-06,1954-08-01,6.1
204,1967-02-09,1954-08-01,6.0
205,1960-03-15,1954-09-01,6.2
206,1962-01-31,1954-09-01,6.1
207,1964-02-06,1954-09-01,6.2
208,1967-02-09,1954-09-01,6.1
209,1960-03-15,1954-10-01,5.8
210,1961-02-09,1954-10-01,5.9
211,1962-01-31,1954-10-01,5.8
212,1967-02-09,1954-10-01,5.7
213,1960-03-15,1954-11-01,5.4
214,1964-02-06,1954-11-01,5.3
215,1960-03-15,1954-12-01,5.0
216,1964-02-06,1954-12-01,5.1
217,1967-02-09,1954-12-01,5.0
218,1960-03-15,1955-01-01,4.9
219,1964-02-06,1955-01-01,5.0
220,1967-02-09,1955-01-01,4.9
221,1960-03-15,1955-02-01,4.8
222,1961-02-09,1955-02-01,4.7
223,1960-03-15,1955-03-01,4.6
224,1960-03-15,1955-04-01,4.7
225,1961-02-09,1955-04-01,4.6
226,1963-03-07,1955-04-01,4.7
227,1960-03-15,1955-05-01,4.2
228,1961-02-09,1955-05-01,4.3
229,1962-01-31,1955-05-01,4.2
230,1963-03-07,1955-05-01,4.3
231,1960-03-15,1955-06-01,4.2
232,1960-03-15,1955-07-01,4.1
233,1967-02-09,1955-07-01,4.0
234,1960-03-15,1955-08-01,4.3
235,1967-02-09,1955-08-01,4.2
236,1960-03-15,1955-09-01,4.2
237,1961-02-09,1955-09-01,4.1
238,1960-03-15,1955-10-01,4.4
239,1964-02-06,1955-10-01,4.3
240,1960-03-15,1955-11-01,4.3
241,1961-02-09,1955-11-01,4.2
242,1964-02-06,1955-11-01,4.3
243,1967-02-09,1955-11-01,4.2
244,1960-03-15,1955-12-01,4.2
245,1960-03-15,1956-01-01,4.0
246,1960-03-15,1956-02-01,4.0
247,1961-02-09,1956-02-01,4.1
248,1964-02-06,1956-02-01,4.0
249,1967-02-09,1956-02-01,3.9
250,1960-03-15,1956-03-01,4.2
251,1960-03-15,1956-04-01,4.0
252,1960-03-15,1956-05-01,4.3
253,1964-02-06,1956-05-01,4.4
254,1967-02-09,1956-05-01,4.3
255,1960-03-15,1956-06-01,4.5
256,1961-02-09,1956-06-01,4.3
257,1962-01-31,1956-06-01,4.4
258,1967-02-09,1956-06-01,4.3
259,1960-03-15,1956-07-01,4.4
260,1964-02-06,1956-07-01,4.5
261,1967-02-09,1956-07-01,4.4
262,1960-03-15,1956-08-01,4.1
263,1960-03-15,1956-09-01,4.0
264,1967-02-09,1956-09-01,3.9
265,1960-03-15,1956-10-01,4.0
266,1961-02-09,1956-10-01,3.9
267,1960-03-15,1956-11-01,4.3
268,1960-03-15,1956-12-01,4.3
269,1967-02-09,1956-12-01,4.2
270,1960-03-15,1957-01-01,4.2
271,1964-02-06,1957-01-01,4.3
272,1967-02-09,1957-01-01,4.2
273,1960-03-15,1957-02-01,4.0
274,1964-02-06,1957-02-01,3.9
275,1960-03-15,1957-03-01,3.8
276,1961-02-09,1957-03-01,3.9
277,1964-02-06,1957-03-01,3.8
278,1967-02-09,1957-03-01,3.7
279,1960-03-15,1957-04-01,3.9
280,1964-02-06,1957-04-01,4.0
281,1967-02-09,1957-04-01,3.9
282,1960-03-15,1957-05-01,4.0
283,1961-02-09,1957-05-01,4.1
284,1960-03-15,1957-06-01,4.4
285,1961-02-09,1957-06-01,4.3
286,1960-03-15,1957-07-01,4.2
287,1960-03-15,1957-08-01,4.2
288,1967-02-09,1957-08-01,4.1
289,1960-03-15,1957-09-01,4.5
290,1964-02-06,1957-09-01,4.4
291,1960-03-15,1957-10-01,4.7
292,1961-02-09,1957-10-01,4.6
293,1964-02-06,1957-10-01,4.5
294,1960-03-15,1957-11-01,5.2
295,1961-02-09,1957-11-01,5.1
296,1964-02-06,1957-11-01,5.2
297,1967-02-09,1957-11-01,5.1
298,1960-03-15,1957-12-01,5.3
299,1961-02-09,1957-12-01,5.2
300,1960-03-15,1958-01-01,5.8
301,1961-02-09,1958-01-01,5.7
302,1962-01-31,1958-01-01,5.8
303,1960-03-15,1958-02-01,6.5
304,1961-02-09,1958-02-01,6.4
305,1962-01-31,1958-02-01,6.5
306,1964-02-06,1958-02-01,6.4
307,1960-03-15,1958-03-01,6.8
308,1961-02-09,1958-03-01,6.7
309,1960-03-15,1958-04-01,7.2
310,1961-02-09,1958-04-01,7.3
311,1962-01-31,1958-04-01,7.4
312,1960-03-15,1958-05-01,7.2
313,1961-02-09,1958-05-01,7.3
314,1962-01-31,1958-05-01,7.4
315,1960-03-15,1958-06-01,7.0
316,1961-02-09,1958-06-01,7.3
317,1960-03-15,1958-07-01,7.3
318,1961-02-09,1958-07-01,7.5
319,1960-03-15,1958-08-01,7.5
320,1963-03-07,1958-08-01,7.4
321,1960-03-15,1958-09-01,7.2
322,1963-03-07,1958-09-01,7.1
323,1960-03-15,1958-10-01,7.1
324,1961-02-09,1958-10-01,6.9
325,1962-01-31,1958-10-01,6.8
326,1967-02-09,1958-10-01,6.7
327,1960-03-15,1958-11-01,6.2
328,1961-02-09,1958-11-01,6.1
329,1964-02-06,1958-11-01,6.2
330,1960-03-15,1958-12-01,6.4
331,1961-02-09,1958-12-01,6.3
332,1962-01-31,1958-12-01,6.2
333,1960-03-15,1959-01-01,6.0
334,1960-03-15,1959-02-01,5.9
335,1961-02-09,1959-02-01,5.8
336,1962-01-31,1959-02-01,5.9
337,1963-03-07,1959-02-01,6.0
338,1964-02-06,1959-02-01,5.9
339,1960-03-15,1959-03-01,5.7
340,1962-01-31,1959-03-01,5.6
341,1960-03-15,1959-04-01,5.1
342,1961-02-09,1959-04-01,5.2
343,1964-02-06,1959-04-01,5.3
344,1967-02-09,1959-04-01,5.2
345,1960-03-15,1959-05-01,4.9
346,1961-02-09,1959-05-01,5.0
347,1962-01-31,1959-05-01,5.1
348,1960-03-15,1959-06-01,5.1
349,1961-02-09,1959-06-01,5.0
350,1963-03-07,1959-06-01,5.1
351,1964-02-06,1959-06-01,5.0
352,1960-03-15,1959-07-01,5.1
353,1961-02-09,1959-07-01,5.2
354,1962-01-31,1959-07-01,5.1
355,1963-03-07,1959-07-01,5.2
356,1967-02-09,1959-07-01,5.1
357,1960-03-15,1959-08-01,5.4
358,1962-01-31,1959-08-01,5.3
359,1967-02-09,1959-08-01,5.2
360,1960-03-15,1959-09-01,5.6
361,1961-02-09,1959-09-01,5.5
362,1962-01-31,1959-09-01,5.6
363,1963-03-07,1959-09-01,5.5
364,1960-03-15,1959-10-01,6.0
365,1961-02-09,1959-10-01,5.8
366,1962-01-31,1959-10-01,5.7
367,1963-03-07,1959-10-01,5.6
368,1964-02-06,1959-10-01,5.7
369,1960-03-15,1959-11-01,5.9
370,1961-02-09,1959-11-01,5.8
371,1964-02-06,1959-11-01,5.9
372,1965-02-03,1959-11-01,5.8
373,1966-02-08,1959-11-01,5.9
374,1967-02-09,1959-11-01,5.8
375,1960-03-15,1959-12-01,5.5
376,1962-01-31,1959-12-01,5.4
377,1964-02-06,1959-12-01,5.3
378,1960-03-15,1960-01-01,5.2
379,1961-02-09,1960-01-01,5.3
380,1967-02-09,1960-01-01,5.2
381,1960-03-15,1960-02-01,4.8
382,1962-01-31,1960-02-01,4.9
383,1963-03-07,1960-02-01,5.0
384,1964-02-06,1960-02-01,4.9
385,1967-02-09,1960-02-01,4.8
386,1960-04-12,1960-03-01,5.4
387,1961-02-09,1960-03-01,5.5
388,1962-01-31,1960-03-01,5.4
389,1963-03-07,1960-03-01,5.5
390,1967-02-09,1960-03-01,5.4
391,1960-05-11,1960-04-01,5.0
392,1961-02-09,1960-04-01,5.1
393,1962-01-31,1960-04-01,5.2
394,1960-06-13,1960-05-01,4.9
395,1961-02-09,1960-05-01,5.1
396,1963-03-07,1960-05-01,5.2
397,1967-02-09,1960-05-01,5.1
398,1960-07-12,1960-06-01,5.5
399,1961-02-09,1960-06-01,5.4
400,1963-03-07,1960-06-01,5.5
401,1964-02-06,1960-06-01,5.4
402,1960-08-10,1960-07-01,5.4
403,1961-02-09,1960-07-01,5.5
404,1962-01-31,1960-07-01,5.4
405,1963-03-07,1960-07-01,5.5
406,1960-09-09,1960-08-01,5.9
407,1961-02-09,1960-08-01,5.8
408,1962-01-31,1960-08-01,5.7
409,1968-02-07,1960-08-01,5.6
410,1960-10-10,1960-09-01,5.7
411,1963-03-07,1960-09-01,5.6
412,1967-02-09,1960-09-01,5.5
413,1960-11-10,1960-10-01,6.4
414,1961-02-09,1960-10-01,6.3
415,1962-01-31,1960-10-01,6.1
416,1963-03-07,1960-10-01,6.0
417,1964-02-06,1960-10-01,6.1
418,1960-12-12,1960-11-01,6.3
419,1961-02-09,1960-11-01,6.2
420,1968-02-07,1960-11-01,6.1
421,1969-02-11,1960-11-01,6.2
422,1970-02-06,1960-11-01,6.1
423,1961-01-13,1960-12-01,6.8
424,1962-01-31,1960-12-01,6.7
425,1963-03-07,1960-12-01,6.6
426,1961-02-09,1961-01-01,6.6
427,1962-01-31,1961-01-01,6.7
428,1967-02-09,1961-01-01,6.6
429,1961-03-07,1961-02-01,6.8
430,1962-01-31,1961-02-01,6.9
431,1963-03-07,1961-02-01,7.0
432,1964-02-06,1961-02-01,6.9
433,1966-02-08,1961-02-01,6.8
434,1967-02-09,1961-02-01,6.9
435,1961-04-04,1961-03-01,6.9
436,1962-01-31,1961-03-01,6.8
437,1964-02-06,1961-03-01,6.9
438,1961-05-02,1961-04-01,6.8
439,1962-01-31,1961-04-01,6.9
440,1963-03-07,1961-04-01,7.0
441,1961-05-31,1961-05-01,6.9
442,1962-01-31,1961-05-01,7.0
443,1963-03-07,1961-05-01,7.1
444,1961-07-05,1961-06-01,6.8
445,1962-01-31,1961-06-01,6.9
446,1961-08-02,1961-07-01,6.9
447,1963-03-07,1961-07-01,7.0
448,1964-02-06,1961-07-01,6.9
449,1965-02-03,1961-07-01,7.0
450,1961-08-29,1961-08-01,6.9
451,1962-01-31,1961-08-01,6.8
452,1963-03-07,1961-08-01,6.7
453,1967-02-09,1961-08-01,6.6
454,1961-10-03,1961-09-01,6.8
455,1963-03-07,1961-09-01,6.7
456,1961-11-03,1961-10-01,6.8
457,1962-01-31,1961-10-01,6.7
458,1963-03-07,1961-10-01,6.4
459,1964-02-06,1961-10-01,6.6
460,1967-02-09,1961-10-01,6.5
461,1961-12-07,1961-11-01,6.1
462,1964-02-06,1961-11-01,6.2
463,1965-02-03,1961-11-01,6.1
464,1962-01-09,1961-12-01,6.1
465,1962-01-31,1961-12-01,6.0
466,1962-01-31,1962-01-01,5.8
467,1962-03-07,1962-02-01,5.6
468,1963-03-07,1962-02-01,5.7
469,1964-02-06,1962-02-01,5.5
470,1962-04-06,1962-03-01,5.5
471,1966-02-08,1962-03-01,5.6
472,1962-05-09,1962-04-01,5.5
473,1963-03-07,1962-04-01,5.6
474,1962-05-31,1962-05-01,5.4
475,1963-03-07,1962-05-01,5.5
476,1962-07-05,1962-06-01,5.5
477,1962-08-01,1962-07-01,5.3
478,1963-03-07,1962-07-01,5.4
479,1965-02-03,1962-07-01,5.5
480,1967-02-09,1962-07-01,5.4
481,1962-09-05,1962-08-01,5.8
482,1963-03-07,1962-08-01,5.7
483,1962-10-04,1962-09-01,5.8
484,1963-03-07,1962-09-01,5.6
485,1962-10-31,1962-10-01,5.5
486,1963-03-07,1962-10-01,5.3
487,1964-02-06,1962-10-01,5.4
488,1962-12-05,1962-11-01,5.8
489,1967-02-09,1962-11-01,5.7
490,1963-01-10,1962-12-01,5.6
491,1963-03-07,1962-12-01,5.5
492,1963-01-31,1963-01-01,5.8
493,1964-02-06,1963-01-01,5.7
494,1963-03-07,1963-02-01,6.1
495,1964-02-06,1963-02-01,5.9
496,1963-04-04,1963-03-01,5.6
497,1964-02-06,1963-03-01,5.7
498,1963-05-02,1963-04-01,5.7
499,1967-02-09,1963-04-01,5.6
500,1969-02-11,1963-04-01,5.7
501,1963-06-06,1963-05-01,5.9
502,1967-02-09,1963-05-01,5.8
503,1968-02-07,1963-05-01,5.9
504,1963-07-05,1963-06-01,5.7
505,1967-02-09,1963-06-01,5.6
506,1963-08-01,1963-07-01,5.6
507,1965-02-03,1963-07-01,5.7
508,1967-02-09,1963-07-01,5.6
509,1963-09-06,1963-08-01,5.5
510,1967-02-09,1963-08-01,5.4
511,1963-10-03,1963-09-01,5.6
512,1964-02-06,1963-09-01,5.5
513,1963-10-31,1963-10-01,5.5
514,1964-02-06,1963-10-01,5.6
515,1967-02-09,1963-10-01,5.5
516,1963-12-06,1963-11-01,5.9
517,1965-02-03,1963-11-01,5.8
518,1967-02-09,1963-11-01,5.7
519,1964-01-10,1963-12-01,5.5
520,1964-02-06,1964-01-01,5.6
521,1965-02-03,1964-01-01,5.5
522,1966-02-08,1964-01-01,5.6
523,1967-02-09,1964-01-01,5.5
524,1969-02-11,1964-01-01,5.6
525,1964-03-06,1964-02-01,5.4
526,1964-04-03,1964-03-01,5.4
527,1964-05-07,1964-04-01,5.4
528,1967-02-09,1964-04-01,5.3
529,1970-02-06,1964-04-01,5.4
530,1971-02-05,1964-04-01,5.3
531,1964-06-05,1964-05-01,5.1
532,1965-02-03,1964-05-01,5.2
533,1966-02-08,1964-05-01,5.1
534,1964-07-02,1964-06-01,5.3
535,1966-02-08,1964-06-01,5.4
536,1967-02-09,1964-06-01,5.3
537,1968-02-07,1964-06-01,5.2
538,1964-08-06,1964-07-01,4.9
539,1965-02-03,1964-07-01,5.0
540,1969-02-11,1964-07-01,4.9
541,1964-09-03,1964-08-01,5.1
542,1967-02-09,1964-08-01,5.0
543,1964-10-01,1964-09-01,5.2
544,1965-02-03,1964-09-01,5.1
545,1964-11-05,1964-10-01,5.2
546,1967-02-09,1964-10-01,5.1
547,1968-02-07,1964-10-01,5.2
548,1969-02-11,1964-10-01,5.1
549,1964-12-04,1964-11-01,5.0
550,1965-02-03,1964-11-01,4.9
551,1967-02-09,1964-11-01,4.8
552,1971-02-05,1964-11-01,4.9
553,1972-02-04,1964-11-01,4.8
554,1965-01-07,1964-12-01,4.9
555,1965-02-03,1964-12-01,5.0
556,1967-02-09,1964-12-01,4.9
557,1969-02-11,1964-12-01,5.0
558,1965-02-03,1965-01-01,4.8
559,1971-02-05,1965-01-01,4.9
560,1965-03-04,1965-02-01,5.0
561,1971-02-05,1965-02-01,5.1
562,1965-04-01,1965-03-01,4.7
563,1965-05-06,1965-04-01,4.9
564,1966-02-08,1965-04-01,4.8
565,1965-06-03,1965-05-01,4.6
566,1965-07-01,1965-06-01,4.7
567,1967-02-09,1965-06-01,4.6
568,1965-08-05,1965-07-01,4.5
569,1968-02-07,1965-07-01,4.4
570,1965-09-02,1965-08-01,4.5
571,1967-02-09,1965-08-01,4.4
572,1965-10-07,1965-09-01,4.4
573,1969-02-11,1965-09-01,4.3
574,1965-11-04,1965-10-01,4.3
575,1970-02-06,1965-10-01,4.2
576,1965-12-02,1965-11-01,4.2
577,1967-02-09,1965-11-01,4.1
578,1966-01-07,1965-12-01,4.1
579,1967-02-09,1965-12-01,4.0
580,1966-02-08,1966-01-01,4.0
581,1967-02-09,1966-01-01,3.9
582,1970-02-06,1966-01-01,4.0
583,1966-03-08,1966-02-01,3.7
584,1970-02-06,1966-02-01,3.8
585,1966-04-05,1966-03-01,3.8
586,1966-05-06,1966-04-01,3.7
587,1969-02-11,1966-04-01,3.8
588,1971-02-05,1966-04-01,3.7
589,1972-02-04,1966-04-01,3.8
590,1966-06-06,1966-05-01,4.0
591,1967-02-09,1966-05-01,3.9
592,1966-07-11,1966-06-01,4.0
593,1967-02-09,1966-06-01,3.9
594,1968-02-07,1966-06-01,3.8
595,1966-08-08,1966-07-01,3.9
596,1968-02-07,1966-07-01,3.8
597,1966-09-02,1966-08-01,3.9
598,1967-02-09,1966-08-01,3.8
599,1966-10-10,1966-09-01,3.8
600,1967-02-09,1966-09-01,3.7
601,1968-02-07,1966-09-01,3.8
602,1969-02-11,1966-09-01,3.7
603,1966-11-04,1966-10-01,3.9
604,1967-02-09,1966-10-01,3.8
605,1969-02-11,1966-10-01,3.7
606,1966-12-02,1966-11-01,3.7
607,1967-02-09,1966-11-01,3.5
608,1968-02-07,1966-11-01,3.6
609,1967-01-09,1966-12-01,3.8
610,1967-02-09,1966-12-01,3.7
611,1969-02-11,1966-12-01,3.8
612,1967-02-09,1967-01-01,3.7
613,1970-02-06,1967-01-01,3.8
614,1973-02-02,1967-01-01,3.9
615,1967-03-16,1967-02-01,3.7
616,1970-02-06,1967-02-01,3.8
617,1967-04-11,1967-03-01,3.6
618,1968-02-07,1967-03-01,3.7
619,1970-02-06,1967-03-01,3.8
620,1971-02-05,1967-03-01,3.7
621,1973-02-02,1967-03-01,3.8
622,1967-05-09,1967-04-01,3.7
623,1969-02-11,1967-04-01,3.8
624,1967-06-05,1967-05-01,3.8
625,1968-02-07,1967-05-01,3.9
626,1971-02-05,1967-05-01,3.8
627,1972-02-04,1967-05-01,3.9
628,1973-02-02,1967-05-01,3.8
629,1967-07-11,1967-06-01,4.0
630,1968-02-07,1967-06-01,3.9
631,1967-08-08,1967-07-01,3.9
632,1970-02-06,1967-07-01,3.8
633,1967-09-06,1967-08-01,3.8
634,1967-10-11,1967-09-01,4.1
635,1969-02-11,1967-09-01,4.0
636,1970-02-06,1967-09-01,3.9
637,1973-02-02,1967-09-01,3.8
638,1967-11-07,1967-10-01,4.3
639,1969-02-11,1967-10-01,4.2
640,1970-02-06,1967-10-01,4.1
641,1973-02-02,1967-10-01,4.0
642,1967-12-13,1967-11-01,3.9
643,1968-02-07,1967-11-01,3.8
644,1970-02-06,1967-11-01,3.9
645,1968-01-10,1967-12-01,3.7
646,1971-02-05,1967-12-01,3.8
647,1973-02-02,1967-12-01,3.9
648,1974-02-01,1967-12-01,3.8
649,1968-02-07,1968-01-01,3.5
650,1969-02-11,1968-01-01,3.6
651,1971-02-05,1968-01-01,3.7
652,1968-03-12,1968-02-01,3.7
653,1970-02-06,1968-02-01,3.8
654,1968-04-10,1968-03-01,3.6
655,1969-02-11,1968-03-01,3.7
656,1968-05-08,1968-04-01,3.5
657,1968-06-12,1968-05-01,3.5
658,1969-02-11,1968-05-01,3.6
659,1971-02-05,1968-05-01,3.5
660,1968-07-10,1968-06-01,3.8
661,1969-02-11,1968-06-01,3.7
662,1968-08-07,1968-07-01,3.7
663,1971-02-05,1968-07-01,3.6
664,1972-02-04,1968-07-01,3.7
665,1968-09-11,1968-08-01,3.5
666,1968-10-09,1968-09-01,3.6
667,1970-02-06,1968-09-01,3.5
668,1973-02-02,1968-09-01,3.4
669,1968-11-06,1968-10-01,3.6
670,1970-02-06,1968-10-01,3.5
671,1971-02-05,1968-10-01,3.4
672,1968-12-11,1968-11-01,3.3
673,1969-02-11,1968-11-01,3.4
674,1971-02-05,1968-11-01,3.5
675,1972-02-04,1968-11-01,3.4
676,1969-01-09,1968-12-01,3.3
677,1971-02-05,1968-12-01,3.4
678,1972-02-04,1968-12-01,3.3
679,1973-02-02,1968-12-01,3.4
680,1969-02-11,1969-01-01,3.3
681,1970-02-06,1969-01-01,3.4
682,1969-03-10,1969-02-01,3.3
683,1973-02-02,1969-02-01,3.4
684,1969-04-08,1969-03-01,3.4
685,1969-05-05,1969-04-01,3.5
686,1973-02-02,1969-04-01,3.4
687,1969-06-09,1969-05-01,3.5
688,1971-02-05,1969-05-01,3.4
689,1969-07-08,1969-06-01,3.4
690,1972-02-04,1969-06-01,3.5
691,1969-08-04,1969-07-01,3.6
692,1970-02-06,1969-07-01,3.5
693,1973-02-02,1969-07-01,3.6
694,1974-02-01,1969-07-01,3.5
695,1969-09-08,1969-08-01,3.5
696,1969-10-06,1969-09-01,4.0
697,1970-02-06,1969-09-01,3.8
698,1973-02-02,1969-09-01,3.7
699,1969-11-07,1969-10-01,3.9
700,1970-02-06,1969-10-01,3.8
701,1971-02-05,1969-10-01,3.7
702,1969-12-05,1969-11-01,3.4
703,1970-02-06,1969-11-01,3.5
704,1970-01-09,1969-12-01,3.4
705,1970-02-06,1969-12-01,3.5
706,1971-02-05,1969-12-01,3.6
707,1972-02-04,1969-12-01,3.5
708,1973-02-02,1969-12-01,3.6
709,1974-02-01,1969-12-01,3.5
710,1970-02-06,1970-01-01,3.9
711,1970-03-06,1970-02-01,4.2
712,1970-04-10,1970-03-01,4.4
713,1970-05-08,1970-04-01,4.8
714,1971-02-05,1970-04-01,4.7
715,1973-02-02,1970-04-01,4.6
716,1970-06-05,1970-05-01,5.0
717,1971-02-05,1970-05-01,4.9
718,1972-02-04,1970-05-01,4.8
719,1974-02-01,1970-05-01,4.7
720,1982-02-05,1970-05-01,4.8
721,1970-07-02,1970-06-01,4.7
722,1971-02-05,1970-06-01,4.8
723,1973-02-02,1970-06-01,4.9
724,1970-08-07,1970-07-01,5.0
725,1970-09-04,1970-08-01,5.1
726,1970-10-02,1970-09-01,5.5
727,1971-02-05,1970-09-01,5.4
728,1970-11-06,1970-10-01,5.6
729,1971-02-05,1970-10-01,5.5
730,1973-02-02,1970-10-01,5.6
731,1982-02-05,1970-10-01,5.5
732,1970-12-04,1970-11-01,5.8
733,1971-02-05,1970-11-01,5.9
734,1972-02-04,1970-11-01,5.8
735,1975-02-07,1970-11-01,5.9
736,1971-01-08,1970-12-01,6.0
737,1971-02-05,1970-12-01,6.2
738,1972-02-04,1970-12-01,6.1
739,1974-02-01,1970-12-01,6.0
740,1975-02-07,1970-12-01,6.1
741,1971-02-05,1971-01-01,6.0
742,1976-02-06,1971-01-01,5.9
743,1971-03-05,1971-02-01,5.8
744,1972-02-04,1971-02-01,5.9
745,1971-04-02,1971-03-01,6.0
746,1976-02-06,1971-03-01,5.9
747,1982-02-05,1971-03-01,6.0
748,1971-05-07,1971-04-01,6.1
749,1972-02-04,1971-04-01,6.0
750,1973-02-02,1971-04-01,5.9
751,1971-06-04,1971-05-01,6.2
752,1972-02-04,1971-05-01,6.1
753,1973-02-02,1971-05-01,6.0
754,1976-02-06,1971-05-01,5.9
755,1971-07-02,1971-06-01,5.6
756,1972-02-04,1971-06-01,5.8
757,1976-02-06,1971-06-01,5.9
758,1971-08-06,1971-07-01,5.8
759,1972-02-04,1971-07-01,5.9
760,1976-02-06,1971-07-01,6.0
761,1971-09-03,1971-08-01,6.1
762,1974-02-01,1971-08-01,6.0
763,1975-02-07,1971-08-01,6.1
764,1971-10-08,1971-09-01,6.0
765,1973-02-02,1971-09-01,5.9
766,1976-02-06,1971-09-01,6.0
767,1971-11-05,1971-10-01,5.8
768,1973-02-02,1971-10-01,5.9
769,1982-02-05,1971-10-01,5.8
770,1971-12-03,1971-11-01,6.0
771,1972-01-07,1971-12-01,6.1
772,1972-02-04,1971-12-01,6.0
773,1974-02-01,1971-12-01,5.9
774,1975-02-07,1971-12-01,6.0
775,1972-02-04,1972-01-01,5.9
776,1976-02-06,1972-01-01,5.8
777,1972-03-03,1972-02-01,5.7
778,1973-02-02,1972-02-01,5.8
779,1975-02-07,1972-02-01,5.7
780,1972-04-07,1972-03-01,5.9
781,1975-02-07,1972-03-01,5.8
782,1972-05-05,1972-04-01,5.9
783,1973-02-02,1972-04-01,5.8
784,1975-02-07,1972-04-01,5.7
785,1972-06-02,1972-05-01,5.9
786,1973-02-02,1972-05-01,5.8
787,1974-02-01,1972-05-01,5.7
788,1976-02-06,1972-05-01,5.6
789,1982-02-05,1972-05-01,5.7
790,1972-07-07,1972-06-01,5.5
791,1974-02-01,1972-06-01,5.6
792,1982-02-05,1972-06-01,5.7
793,1972-08-04,1972-07-01,5.5
794,1973-02-02,1972-07-01,5.6
795,1972-09-01,1972-08-01,5.6
796,1976-02-06,1972-08-01,5.7
797,1977-02-04,1972-08-01,5.6
798,1972-10-06,1972-09-01,5.5
799,1976-02-06,1972-09-01,5.6
800,1982-02-05,1972-09-01,5.5
801,1972-11-03,1972-10-01,5.5
802,1974-02-01,1972-10-01,5.6
803,1976-02-06,1972-10-01,5.7
804,1982-02-05,1972-10-01,5.6
805,1972-12-08,1972-11-01,5.2
806,1976-02-06,1972-11-01,5.3
807,1977-02-04,1972-11-01,5.2
808,1982-02-05,1972-11-01,5.3
809,1973-01-05,1972-12-01,5.2
810,1973-02-02,1972-12-01,5.1
811,1982-02-05,1972-12-01,5.2
812,1973-02-02,1973-01-01,5.0
813,1976-02-06,1973-01-01,4.9
814,1973-03-09,1973-02-01,5.1
815,1975-02-07,1973-02-01,5.0
816,1973-04-06,1973-03-01,5.0
817,1975-02-07,1973-03-01,4.9
818,1973-05-04,1973-04-01,5.0
819,1976-02-06,1973-04-01,4.9
820,1977-02-04,1973-04-01,5.0
821,1973-06-01,1973-05-01,5.0
822,1974-02-01,1973-05-01,4.9
823,1976-02-06,1973-05-01,4.8
824,1978-02-03,1973-05-01,4.9
825,1973-07-06,1973-06-01,4.8
826,1982-02-05,1973-06-01,4.9
827,1973-08-03,1973-07-01,4.7
828,1975-02-07,1973-07-01,4.8
829,1973-09-07,1973-08-01,4.8
830,1974-02-01,1973-08-01,4.7
831,1975-02-07,1973-08-01,4.8
832,1973-10-05,1973-09-01,4.8
833,1974-02-01,1973-09-01,4.7
834,1975-02-07,1973-09-01,4.8
835,1977-02-04,1973-09-01,4.9
836,1978-02-03,1973-09-01,4.8
837,1973-11-02,1973-10-01,4.5
838,1974-02-01,1973-10-01,4.6
839,1976-02-06,1973-10-01,4.7
840,1978-02-03,1973-10-01,4.6
841,1973-12-07,1973-11-01,4.7
842,1975-02-07,1973-11-01,4.8
843,1976-02-06,1973-11-01,4.9
844,1977-02-04,1973-11-01,4.8
845,1974-01-04,1973-12-01,4.9
846,1974-02-01,1973-12-01,4.8
847,1975-02-07,1973-12-01,4.9
848,1974-02-01,1974-01-01,5.2
849,1976-02-06,1974-01-01,5.0
850,1979-01-12,1974-01-01,5.1
851,1974-03-08,1974-02-01,5.2
852,1976-02-06,1974-02-01,5.1
853,1982-02-05,1974-02-01,5.2
854,1974-04-05,1974-03-01,5.1
855,1976-02-06,1974-03-01,5.0
856,1982-02-05,1974-03-01,5.1
857,1974-05-03,1974-04-01,5.0
858,1982-02-05,1974-04-01,5.1
859,1974-06-07,1974-05-01,5.2
860,1976-02-06,1974-05-01,5.1
861,1978-02-03,1974-05-01,5.2
862,1979-01-12,1974-05-01,5.1
863,1974-07-05,1974-06-01,5.2
864,1976-02-06,1974-06-01,5.3
865,1982-02-05,1974-06-01,5.4
866,1974-08-02,1974-07-01,5.3
867,1976-02-06,1974-07-01,5.5
868,1974-09-06,1974-08-01,5.4
869,1976-02-06,1974-08-01,5.5
870,1978-02-03,1974-08-01,5.4
871,1982-02-05,1974-08-01,5.5
872,1974-10-04,1974-09-01,5.8
873,1976-02-06,1974-09-01,5.9
874,1974-11-01,1974-10-01,6.0
875,1976-02-06,1974-10-01,6.1
876,1978-02-03,1974-10-01,5.9
877,1982-02-05,1974-10-01,6.0
878,1974-12-06,1974-11-01,6.5
879,1975-02-07,1974-11-01,6.6
880,1976-02-06,1974-11-01,6.7
881,1978-02-03,1974-11-01,6.6
882,1975-01-03,1974-12-01,7.1
883,1975-02-07,1974-12-01,7.2
884,1979-01-12,1974-12-01,7.1
885,1982-02-05,1974-12-01,7.2
886,1975-02-07,1975-01-01,8.2
887,1976-02-06,1975-01-01,7.9
888,1978-02-03,1975-01-01,8.0
889,1982-02-05,1975-01-01,8.1
890,1975-03-07,1975-02-01,8.2
891,1976-02-06,1975-02-01,8.0
892,1978-02-03,1975-02-01,8.1
893,1975-04-04,1975-03-01,8.7
894,1976-02-06,1975-03-01,8.5
895,1978-02-03,1975-03-01,8.6
896,1979-01-12,1975-03-01,8.5
897,1982-02-05,1975-03-01,8.6
898,1975-05-02,1975-04-01,8.9
899,1976-02-06,1975-04-01,8.6
900,1978-02-03,1975-04-01,8.8
901,1975-06-06,1975-05-01,9.2
902,1976-02-06,1975-05-01,8.9
903,1977-02-04,1975-05-01,9.0
904,1978-02-03,1975-05-01,9.1
905,1980-01-11,1975-05-01,9.0
906,1975-07-03,1975-06-01,8.6
907,1976-02-06,1975-06-01,8.7
908,1979-01-12,1975-06-01,8.8
909,1975-08-01,1975-07-01,8.4
910,1976-02-06,1975-07-01,8.7
911,1978-02-03,1975-07-01,8.6
912,1980-01-11,1975-07-01,8.7
913,1982-02-05,1975-07-01,8.6
914,1975-09-05,1975-08-01,8.4
915,1976-02-06,1975-08-01,8.5
916,1978-02-03,1975-08-01,8.4
917,1975-10-03,1975-09-01,8.3
918,1976-02-06,1975-09-01,8.6
919,1978-02-03,1975-09-01,8.5
920,1979-01-12,1975-09-01,8.4
921,1975-11-07,1975-10-01,8.6
922,1978-02-03,1975-10-01,8.4
923,1975-12-05,1975-11-01,8.3
924,1976-02-06,1975-11-01,8.5
925,1977-02-04,1975-11-01,8.4
926,1978-02-03,1975-11-01,8.3
927,1980-01-11,1975-11-01,8.2
928,1982-02-05,1975-11-01,8.3
929,1976-01-09,1975-12-01,8.3
930,1978-02-03,1975-12-01,8.2
931,1976-02-06,1976-01-01,7.8
932,1978-02-03,1976-01-01,7.9
933,1976-03-05,1976-02-01,7.6
934,1978-02-03,1976-02-01,7.7
935,1976-04-02,1976-03-01,7.5
936,1978-02-03,1976-03-01,7.6
937,1976-05-07,1976-04-01,7.5
938,1978-02-03,1976-04-01,7.6
939,1982-02-05,1976-04-01,7.7
940,1976-06-04,1976-05-01,7.3
941,1978-02-03,1976-05-01,7.4
942,1981-01-09,1976-05-01,7.3
943,1982-02-05,1976-05-01,7.4
944,1976-07-02,1976-06-01,7.5
945,1977-02-04,1976-06-01,7.6
946,1978-02-03,1976-06-01,7.5
947,1979-01-12,1976-06-01,7.6
948,1980-01-11,1976-06-01,7.7
949,1981-01-09,1976-06-01,7.6
950,1976-08-06,1976-07-01,7.8
951,1978-02-03,1976-07-01,7.7
952,1980-01-11,1976-07-01,7.8
953,1981-01-09,1976-07-01,7.7
954,1982-02-05,1976-07-01,7.8
955,1976-09-03,1976-08-01,7.9
956,1978-02-03,1976-08-01,7.8
957,1976-10-08,1976-09-01,7.8
958,1978-02-03,1976-09-01,7.7
959,1981-01-09,1976-09-01,7.6
960,1976-11-05,1976-10-01,7.9
961,1978-02-03,1976-10-01,7.7
962,1976-12-03,1976-11-01,8.1
963,1977-02-04,1976-11-01,8.0
964,1978-02-03,1976-11-01,7.8
965,1977-01-12,1976-12-01,7.9
966,1977-02-04,1976-12-01,7.8
967,1979-01-12,1976-12-01,7.7
968,1981-01-09,1976-12-01,7.8
969,1977-02-04,1977-01-01,7.3
970,1978-02-03,1977-01-01,7.4
971,1981-01-09,1977-01-01,7.5
972,1977-03-04,1977-02-01,7.5
973,1978-02-03,1977-02-01,7.6
974,1979-01-12,1977-02-01,7.5
975,1980-01-11,1977-02-01,7.6
976,1977-04-01,1977-03-01,7.3
977,1978-02-03,1977-03-01,7.4
978,1977-05-06,1977-04-01,7.0
979,1978-02-03,1977-04-01,7.1
980,1979-01-12,1977-04-01,7.2
981,1977-06-03,1977-05-01,6.9
982,1978-02-03,1977-05-01,7.1
983,1981-01-09,1977-05-01,7.0
984,1977-07-08,1977-06-01,7.1
985,1979-01-12,1977-06-01,7.2
986,1977-08-05,1977-07-01,6.9
987,1977-09-02,1977-08-01,7.1
988,1978-02-03,1977-08-01,7.0
989,1981-01-09,1977-08-01,6.9
990,1982-02-05,1977-08-01,7.0
991,1977-10-07,1977-09-01,6.9
992,1978-02-03,1977-09-01,6.8
993,1977-11-04,1977-10-01,7.0
994,1978-02-03,1977-10-01,6.8
995,1980-01-11,1977-10-01,6.7
996,1981-01-09,1977-10-01,6.8
997,1977-12-02,1977-11-01,6.9
998,1978-02-03,1977-11-01,6.7
999,1982-02-05,1977-11-01,6.8
1000,1978-01-11,1977-12-01,6.4
1001,1979-01-12,1977-12-01,6.3
1002,1980-01-11,1977-12-01,6.2
1003,1981-01-09,1977-12-01,6.3
1004,1982-02-05,1977-12-01,6.4
1005,1978-02-03,1978-01-01,6.3
1006,1980-01-11,1978-01-01,6.4
1007,1978-03-10,1978-02-01,6.1
1008,1981-01-09,1978-02-01,6.2
1009,1982-02-05,1978-02-01,6.3
1010,1978-04-07,1978-03-01,6.2
1011,1982-02-05,1978-03-01,6.3
1012,1978-05-05,1978-04-01,6.0
1013,1979-01-12,1978-04-01,6.1
1014,1978-06-02,1978-05-01,6.1
1015,1981-01-09,1978-05-01,6.0
1016,1978-07-07,1978-06-01,5.7
1017,1979-01-12,1978-06-01,5.8
1018,1980-01-11,1978-06-01,5.9
1019,1981-01-09,1978-06-01,5.8
1020,1982-02-05,1978-06-01,5.9
1021,1978-08-04,1978-07-01,6.2
1022,1979-01-12,1978-07-01,6.1
1023,1980-01-11,1978-07-01,6.2
1024,1981-01-09,1978-07-01,6.1
1025,1982-02-05,1978-07-01,6.2
1026,1978-09-01,1978-08-01,5.9
1027,1981-01-09,1978-08-01,5.8
1028,1982-02-05,1978-08-01,5.9
1029,1978-10-06,1978-09-01,6.0
1030,1979-01-12,1978-09-01,5.9
1031,1982-02-05,1978-09-01,6.0
1032,1978-11-03,1978-10-01,5.8
1033,1980-01-11,1978-10-01,5.7
1034,1982-02-05,1978-10-01,5.8
1035,1978-12-08,1978-11-01,5.8
1036,1982-02-05,1978-11-01,5.9
1037,1979-01-12,1978-12-01,5.9
1038,1981-01-09,1978-12-01,6.0
1039,1979-02-02,1979-01-01,5.8
1040,1982-02-05,1979-01-01,5.9
1041,1979-03-09,1979-02-01,5.7
1042,1981-01-09,1979-02-01,5.9
1043,1979-04-06,1979-03-01,5.7
1044,1981-01-09,1979-03-01,5.8
1045,1979-05-04,1979-04-01,5.8
1046,1979-06-01,1979-05-01,5.8
1047,1981-01-09,1979-05-01,5.6
1048,1982-02-05,1979-05-01,5.7
1049,1983-01-07,1979-05-01,5.6
1050,1979-07-06,1979-06-01,5.6
1051,1980-01-11,1979-06-01,5.7
1052,1981-01-09,1979-06-01,5.6
1053,1982-02-05,1979-06-01,5.7
1054,1979-08-03,1979-07-01,5.7
1055,1981-01-09,1979-07-01,5.6
1056,1982-02-05,1979-07-01,5.7
1057,1979-09-07,1979-08-01,6.0
1058,1980-01-11,1979-08-01,5.9
1059,1982-02-05,1979-08-01,6.0
1060,1979-10-05,1979-09-01,5.8
1061,1983-01-07,1979-09-01,5.9
1062,1979-11-02,1979-10-01,6.0
1063,1980-01-11,1979-10-01,5.9
1064,1982-02-05,1979-10-01,6.0
1065,1979-12-07,1979-11-01,5.8
1066,1981-01-09,1979-11-01,5.9
1067,1980-01-11,1979-12-01,5.9
1068,1981-01-09,1979-12-01,6.0
1069,1980-02-01,1980-01-01,6.2
1070,1982-02-05,1980-01-01,6.3
1071,1980-03-07,1980-02-01,6.0
1072,1981-01-09,1980-02-01,6.2
1073,1983-01-07,1980-02-01,6.3
1074,1980-04-04,1980-03-01,6.2
1075,1981-01-09,1980-03-01,6.3
1076,1980-05-02,1980-04-01,7.0
1077,1981-01-09,1980-04-01,6.9
1078,1980-06-06,1980-05-01,7.8
1079,1981-01-09,1980-05-01,7.6
1080,1982-02-05,1980-05-01,7.5
1081,1984-01-06,1980-05-01,7.4
1082,1985-01-09,1980-05-01,7.5
1083,1980-07-03,1980-06-01,7.7
1084,1981-01-09,1980-06-01,7.5
1085,1984-01-06,1980-06-01,7.6
1086,1980-08-01,1980-07-01,7.8
1087,1981-01-09,1980-07-01,7.6
1088,1982-02-05,1980-07-01,7.8
1089,1980-09-05,1980-08-01,7.6
1090,1982-02-05,1980-08-01,7.7
1091,1980-10-03,1980-09-01,7.5
1092,1981-01-09,1980-09-01,7.4
1093,1982-02-05,1980-09-01,7.5
1094,1980-11-07,1980-10-01,7.6
1095,1982-02-05,1980-10-01,7.5
1096,1980-12-05,1980-11-01,7.5
1097,1981-01-09,1980-12-01,7.4
1098,1982-02-05,1980-12-01,7.3
1099,1984-01-06,1980-12-01,7.2
1100,1981-02-06,1981-01-01,7.4
1101,1983-01-07,1981-01-01,7.5
1102,1981-03-06,1981-02-01,7.3
1103,1982-02-05,1981-02-01,7.4
1104,1981-04-03,1981-03-01,7.3
1105,1984-01-06,1981-03-01,7.4
1106,1981-05-08,1981-04-01,7.3
1107,1983-01-07,1981-04-01,7.2
1108,1981-06-05,1981-05-01,7.6
1109,1982-02-05,1981-05-01,7.5
1110,1984-01-06,1981-05-01,7.4
1111,1985-01-09,1981-05-01,7.5
1112,1981-07-02,1981-06-01,7.3
1113,1982-02-05,1981-06-01,7.4
1114,1985-01-09,1981-06-01,7.5
1115,1981-08-07,1981-07-01,7.0
1116,1982-02-05,1981-07-01,7.2
1117,1984-01-06,1981-07-01,7.3
1118,1985-01-09,1981-07-01,7.2
1119,1981-09-04,1981-08-01,7.2
1120,1982-02-05,1981-08-01,7.3
1121,1983-01-07,1981-08-01,7.4
1122,1981-10-02,1981-09-01,7.5
1123,1982-02-05,1981-09-01,7.6
1124,1981-11-06,1981-10-01,8.0
1125,1984-01-06,1981-10-01,7.9
1126,1981-12-04,1981-11-01,8.4
1127,1982-02-05,1981-11-01,8.3
1128,1982-01-08,1981-12-01,8.9
1129,1982-02-05,1981-12-01,8.8
1130,1983-01-07,1981-12-01,8.6
1131,1984-01-06,1981-12-01,8.5
1132,1982-02-05,1982-01-01,8.5
1133,1983-01-07,1982-01-01,8.6
1134,1982-03-05,1982-02-01,8.8
1135,1984-01-06,1982-02-01,8.9
1136,1982-04-02,1982-03-01,9.0
1137,1982-05-07,1982-04-01,9.4
1138,1983-01-07,1982-04-01,9.3
1139,1984-01-06,1982-04-01,9.4
1140,1985-01-09,1982-04-01,9.3
1141,1982-06-04,1982-05-01,9.5
1142,1983-01-07,1982-05-01,9.4
1143,1982-07-02,1982-06-01,9.5
1144,1985-01-09,1982-06-01,9.6
1145,1982-08-06,1982-07-01,9.8
1146,1984-01-06,1982-07-01,9.9
1147,1985-01-09,1982-07-01,9.8
1148,1982-09-03,1982-08-01,9.8
1149,1983-01-07,1982-08-01,9.9
1150,1985-01-09,1982-08-01,9.8
1151,1986-01-08,1982-08-01,9.9
1152,1987-01-09,1982-08-01,9.8
1153,1982-10-08,1982-09-01,10.1
1154,1983-01-07,1982-09-01,10.2
1155,1985-01-09,1982-09-01,10.1
1156,1982-11-05,1982-10-01,10.4
1157,1983-01-07,1982-10-01,10.5
1158,1984-01-06,1982-10-01,10.4
1159,1982-12-03,1982-11-01,10.8
1160,1983-01-07,1982-11-01,10.7
1161,1987-01-09,1982-11-01,10.8
1162,1983-01-07,1982-12-01,10.8
1163,1984-01-06,1982-12-01,10.7
1164,1987-01-09,1982-12-01,10.8
1165,1983-02-04,1983-01-01,10.4
1166,1983-03-04,1983-02-01,10.4
1167,1983-04-01,1983-03-01,10.3
1168,1983-05-06,1983-04-01,10.2
1169,1983-06-03,1983-05-01,10.1
1170,1985-01-09,1983-05-01,10.2
1171,1987-01-09,1983-05-01,10.1
1172,1983-07-08,1983-06-01,10.0
1173,1985-01-09,1983-06-01,10.1
1174,1983-08-05,1983-07-01,9.5
1175,1985-01-09,1983-07-01,9.4
1176,1983-09-02,1983-08-01,9.5
1177,1985-01-09,1983-08-01,9.4
1178,1986-01-08,1983-08-01,9.5
1179,1987-01-09,1983-08-01,9.4
1180,1988-01-08,1983-08-01,9.5
1181,1983-10-07,1983-09-01,9.3
1182,1984-01-06,1983-09-01,9.2
1183,1983-11-04,1983-10-01,8.8
1184,1983-12-02,1983-11-01,8.4
1185,1986-01-08,1983-11-01,8.5
1186,1984-01-06,1983-12-01,8.2
1187,1987-01-09,1983-12-01,8.3
1188,1984-02-03,1984-01-01,8.0
1189,1987-01-09,1984-01-01,8.1
1190,1988-01-08,1984-01-01,8.0
1191,1984-03-09,1984-02-01,7.8
1192,1984-04-06,1984-03-01,7.8
1193,1984-05-04,1984-04-01,7.8
1194,1987-01-09,1984-04-01,7.7
1195,1984-06-01,1984-05-01,7.5
1196,1987-01-09,1984-05-01,7.4
1197,1984-07-06,1984-06-01,7.1
1198,1985-01-09,1984-06-01,7.2
1199,1984-08-03,1984-07-01,7.5
1200,1986-01-08,1984-07-01,7.4
1201,1988-01-08,1984-07-01,7.5
1202,1984-09-07,1984-08-01,7.5
1203,1984-10-05,1984-09-01,7.4
1204,1987-01-09,1984-09-01,7.3
1205,1984-11-02,1984-10-01,7.4
1206,1985-01-09,1984-10-01,7.3
1207,1988-01-08,1984-10-01,7.4
1208,1984-12-07,1984-11-01,7.2
1209,1985-01-09,1984-11-01,7.1
1210,1986-01-08,1984-11-01,7.2
1211,1985-01-09,1984-12-01,7.2
1212,1987-01-09,1984-12-01,7.3
1213,1985-02-01,1985-01-01,7.4
1214,1990-01-05,1985-01-01,7.3
1215,1985-03-08,1985-02-01,7.3
1216,1988-01-08,1985-02-01,7.2
1217,1985-04-05,1985-03-01,7.3
1218,1987-01-09,1985-03-01,7.2
1219,1985-05-03,1985-04-01,7.3
1220,1985-06-07,1985-05-01,7.3
1221,1987-01-09,1985-05-01,7.2
1222,1985-07-05,1985-06-01,7.3
1223,1990-01-05,1985-06-01,7.4
1224,1985-08-02,1985-07-01,7.3
1225,1988-01-08,1985-07-01,7.4
1226,1985-09-06,1985-08-01,7.0
1227,1986-01-08,1985-08-01,7.1
1228,1985-10-04,1985-09-01,7.1
1229,1985-11-01,1985-10-01,7.1
1230,1989-01-06,1985-10-01,7.2
1231,1990-01-05,1985-10-01,7.1
1232,1985-12-06,1985-11-01,7.0
1233,1986-01-08,1985-12-01,6.9
1234,1987-01-09,1985-12-01,7.0
1235,1986-02-07,1986-01-01,6.7
1236,1987-01-09,1986-01-01,6.8
1237,1988-01-08,1986-01-01,6.7
1238,1986-03-07,1986-02-01,7.3
1239,1987-01-09,1986-02-01,7.2
1240,1986-04-04,1986-03-01,7.2
1241,1988-01-08,1986-03-01,7.1
1242,1991-01-04,1986-03-01,7.2
1243,1986-05-02,1986-04-01,7.1
1244,1989-01-06,1986-04-01,7.2
1245,1990-01-05,1986-04-01,7.1
1246,1986-06-06,1986-05-01,7.3
1247,1987-01-09,1986-05-01,7.2
1248,1986-07-03,1986-06-01,7.1
1249,1989-01-06,1986-06-01,7.2
1250,1986-08-01,1986-07-01,6.9
1251,1987-01-09,1986-07-01,7.0
1252,1986-09-05,1986-08-01,6.8
1253,1988-01-08,1986-08-01,6.9
1254,1986-10-03,1986-09-01,7.0
1255,1986-11-07,1986-10-01,7.0
1256,1987-01-09,1986-10-01,6.9
1257,1989-01-06,1986-10-01,7.0
1258,1986-12-05,1986-11-01,7.0
1259,1987-01-09,1986-11-01,6.9
1260,1987-01-09,1986-12-01,6.7
1261,1990-01-05,1986-12-01,6.6
1262,1987-02-06,1987-01-01,6.7
1263,1989-01-06,1987-01-01,6.6
1264,1987-03-06,1987-02-01,6.7
1265,1988-01-08,1987-02-01,6.6
1266,1987-04-03,1987-03-01,6.6
1267,1988-01-08,1987-03-01,6.5
1268,1990-01-05,1987-03-01,6.6
1269,1987-05-08,1987-04-01,6.3
1270,1989-01-06,1987-04-01,6.4
1271,1991-01-04,1987-04-01,6.3
1272,1987-06-05,1987-05-01,6.3
1273,1987-07-02,1987-06-01,6.1
1274,1989-01-06,1987-06-01,6.2
1275,1987-08-07,1987-07-01,6.0
1276,1989-01-06,1987-07-01,6.1
1277,1987-09-04,1987-08-01,6.0
1278,1987-10-02,1987-09-01,5.9
1279,1987-11-06,1987-10-01,6.0
1280,1987-12-04,1987-11-01,5.9
1281,1990-01-05,1987-11-01,5.8
1282,1988-01-08,1987-12-01,5.8
1283,1990-01-05,1987-12-01,5.7
1284,1988-02-05,1988-01-01,5.8
1285,1990-01-05,1988-01-01,5.7
1286,1988-03-04,1988-02-01,5.7
1287,1988-04-01,1988-03-01,5.6
1288,1990-01-05,1988-03-01,5.7
1289,1988-05-06,1988-04-01,5.4
1290,1989-01-06,1988-04-01,5.5
1291,1991-01-04,1988-04-01,5.4
1292,1988-06-03,1988-05-01,5.6
1293,1988-07-08,1988-06-01,5.3
1294,1989-01-06,1988-06-01,5.4
1295,1988-08-05,1988-07-01,5.4
1296,1990-01-05,1988-07-01,5.5
1297,1992-01-10,1988-07-01,5.4
1298,1988-09-02,1988-08-01,5.6
1299,1988-10-07,1988-09-01,5.4
1300,1988-11-04,1988-10-01,5.3
1301,1992-01-10,1988-10-01,5.4
1302,1988-12-02,1988-11-01,5.4
1303,1990-01-05,1988-11-01,5.3
1304,1989-01-06,1988-12-01,5.3
1305,1989-02-03,1989-01-01,5.4
1306,1989-03-10,1989-02-01,5.1
1307,1990-01-05,1989-02-01,5.2
1308,1989-04-07,1989-03-01,5.0
1309,1991-01-04,1989-03-01,5.1
1310,1992-01-10,1989-03-01,5.0
1311,1989-05-05,1989-04-01,5.3
1312,1991-01-04,1989-04-01,5.2
1313,1989-06-02,1989-05-01,5.2
1314,1989-07-07,1989-06-01,5.3
1315,1991-01-04,1989-06-01,5.4
1316,1992-01-10,1989-06-01,5.3
1317,1989-08-04,1989-07-01,5.2
1318,1990-01-05,1989-07-01,5.3
1319,1993-01-08,1989-07-01,5.2
1320,1989-09-01,1989-08-01,5.2
1321,1990-01-05,1989-08-01,5.3
1322,1991-01-04,1989-08-01,5.2
1323,1989-10-06,1989-09-01,5.3
1324,1989-11-03,1989-10-01,5.3
1325,1993-01-08,1989-10-01,5.4
1326,1994-01-07,1989-10-01,5.3
1327,1989-12-08,1989-11-01,5.4
1328,1990-01-05,1989-11-01,5.3
1329,1992-01-10,1989-11-01,5.4
1330,1990-01-05,1989-12-01,5.3
1331,1993-01-08,1989-12-01,5.4
1332,1990-02-02,1990-01-01,5.3
1333,1996-03-08,1990-01-01,5.4
1334,1990-03-09,1990-02-01,5.3
1335,1990-04-06,1990-03-01,5.2
1336,1991-01-04,1990-03-01,5.3
1337,1992-01-10,1990-03-01,5.2
1338,1990-05-04,1990-04-01,5.4
1339,1990-06-01,1990-05-01,5.3
1340,1996-03-08,1990-05-01,5.4
1341,1990-07-06,1990-06-01,5.2
1342,1991-01-04,1990-06-01,5.3
1343,1992-01-10,1990-06-01,5.2
1344,1993-01-08,1990-06-01,5.1
1345,1996-03-08,1990-06-01,5.2
1346,1990-08-03,1990-07-01,5.5
1347,1992-01-10,1990-07-01,5.4
1348,1996-03-08,1990-07-01,5.5
1349,1990-09-07,1990-08-01,5.6
1350,1996-03-08,1990-08-01,5.7
1351,1990-10-05,1990-09-01,5.7
1352,1996-03-08,1990-09-01,5.9
1353,1990-11-02,1990-10-01,5.7
1354,1992-01-10,1990-10-01,5.8
1355,1996-03-08,1990-10-01,5.9
1356,1990-12-07,1990-11-01,5.9
1357,1992-01-10,1990-11-01,6.0
1358,1996-03-08,1990-11-01,6.2
1359,1991-01-04,1990-12-01,6.1
1360,1993-01-08,1990-12-01,6.2
1361,1996-03-08,1990-12-01,6.3
1362,1991-02-01,1991-01-01,6.2
1363,1993-01-08,1991-01-01,6.3
1364,1996-03-08,1991-01-01,6.4
1365,1991-03-08,1991-02-01,6.5
1366,1996-03-08,1991-02-01,6.6
1367,1991-04-05,1991-03-01,6.8
1368,1992-01-10,1991-03-01,6.7
1369,1993-01-08,1991-03-01,6.8
1370,1991-05-03,1991-04-01,6.6
1371,1996-03-08,1991-04-01,6.7
1372,1991-06-07,1991-05-01,6.9
1373,1992-01-10,1991-05-01,6.8
1374,1996-03-08,1991-05-01,6.9
1375,1991-07-05,1991-06-01,7.0
1376,1992-01-10,1991-06-01,6.9
1377,1993-01-08,1991-06-01,6.8
1378,1996-03-08,1991-06-01,6.9
1379,1991-08-02,1991-07-01,6.8
1380,1993-01-08,1991-07-01,6.7
1381,1996-03-08,1991-07-01,6.8
1382,1991-09-06,1991-08-01,6.8
1383,1996-03-08,1991-08-01,6.9
1384,1991-10-04,1991-09-01,6.7
1385,1992-01-10,1991-09-01,6.8
1386,1994-01-07,1991-09-01,6.7
1387,1996-03-08,1991-09-01,6.9
1388,1991-11-01,1991-10-01,6.8
1389,1992-01-10,1991-10-01,6.9
1390,1994-01-07,1991-10-01,6.8
1391,1996-03-08,1991-10-01,7.0
1392,1991-12-06,1991-11-01,6.8
1393,1992-01-10,1991-11-01,6.9
1394,1996-03-08,1991-11-01,7.0
1395,1992-01-10,1991-12-01,7.1
1396,1994-01-07,1991-12-01,7.2
1397,1996-03-08,1991-12-01,7.3
1398,1992-02-07,1992-01-01,7.1
1399,1996-03-08,1992-01-01,7.3
1400,1992-03-06,1992-02-01,7.3
1401,1994-01-07,1992-02-01,7.4
1402,1992-04-03,1992-03-01,7.3
1403,1996-03-08,1992-03-01,7.4
1404,1992-05-08,1992-04-01,7.2
1405,1993-01-08,1992-04-01,7.3
1406,1996-03-08,1992-04-01,7.4
1407,1992-06-05,1992-05-01,7.5
1408,1993-01-08,1992-05-01,7.4
1409,1994-01-07,1992-05-01,7.5
1410,1996-03-08,1992-05-01,7.6
1411,1992-07-02,1992-06-01,7.8
1412,1993-01-08,1992-06-01,7.7
1413,1996-03-08,1992-06-01,7.8
1414,1992-08-07,1992-07-01,7.7
1415,1993-01-08,1992-07-01,7.6
1416,1994-01-07,1992-07-01,7.5
1417,1996-03-08,1992-07-01,7.7
1418,1992-09-04,1992-08-01,7.6
1419,1994-01-07,1992-08-01,7.5
1420,1996-03-08,1992-08-01,7.6
1421,1992-10-02,1992-09-01,7.5
1422,1996-03-08,1992-09-01,7.6
1423,1992-11-06,1992-10-01,7.4
1424,1994-01-07,1992-10-01,7.3
1425,1992-12-04,1992-11-01,7.2
1426,1993-01-08,1992-11-01,7.3
1427,1996-03-08,1992-11-01,7.4
1428,1993-01-08,1992-12-01,7.3
1429,1996-03-08,1992-12-01,7.4
1430,1993-02-05,1993-01-01,7.1
1431,1996-03-08,1993-01-01,7.3
1432,1993-03-05,1993-02-01,7.0
1433,1996-03-08,1993-02-01,7.1
1434,1993-04-02,1993-03-01,7.0
1435,1993-05-07,1993-04-01,7.0
1436,1996-03-08,1993-04-01,7.1
1437,1993-06-04,1993-05-01,6.9
1438,1996-03-08,1993-05-01,7.1
1439,1993-07-02,1993-06-01,7.0
1440,1994-01-07,1993-06-01,6.9
1441,1996-03-08,1993-06-01,7.0
1442,1993-08-06,1993-07-01,6.8
1443,1996-03-08,1993-07-01,6.9
1444,1993-09-03,1993-08-01,6.7
1445,1996-03-08,1993-08-01,6.8
1446,1993-10-08,1993-09-01,6.7
1447,1993-11-05,1993-10-01,6.8
1448,1994-01-07,1993-10-01,6.7
1449,1996-03-08,1993-10-01,6.8
1450,1993-12-03,1993-11-01,6.4
1451,1994-01-07,1993-11-01,6.5
1452,1996-03-08,1993-11-01,6.6
1453,1994-01-07,1993-12-01,6.4
1454,1996-03-08,1993-12-01,6.5
1455,1994-02-04,1994-01-01,6.7
1456,1998-01-09,1994-01-01,6.6
1457,1994-03-04,1994-02-01,6.5
1458,1995-01-06,1994-02-01,6.6
1459,1994-04-01,1994-03-01,6.5
1460,1996-03-08,1994-03-01,6.6
1461,1997-01-10,1994-03-01,6.5
1462,1994-05-06,1994-04-01,6.4
1463,1994-06-03,1994-05-01,6.0
1464,1995-01-06,1994-05-01,6.1
1465,1997-01-10,1994-05-01,6.0
1466,1999-01-08,1994-05-01,6.1
1467,1994-07-08,1994-06-01,6.0
1468,1995-01-06,1994-06-01,6.1
1469,1994-08-05,1994-07-01,6.1
1470,1994-09-02,1994-08-01,6.1
1471,1995-01-06,1994-08-01,6.0
1472,1997-01-10,1994-08-01,6.1
1473,1999-01-08,1994-08-01,6.0
1474,1994-10-07,1994-09-01,5.9
1475,1995-01-06,1994-09-01,5.8
1476,1996-03-08,1994-09-01,5.9
1477,1994-11-04,1994-10-01,5.8
1478,1995-01-06,1994-10-01,5.7
1479,1997-01-10,1994-10-01,5.8
1480,1994-12-02,1994-11-01,5.6
1481,1995-01-06,1994-12-01,5.4
1482,1999-01-08,1994-12-01,5.5
1483,1995-02-03,1995-01-01,5.7
1484,1997-01-10,1995-01-01,5.6
1485,1995-03-10,1995-02-01,5.4
1486,1997-01-10,1995-02-01,5.5
1487,1998-01-09,1995-02-01,5.4
1488,1995-04-07,1995-03-01,5.5
1489,1997-01-10,1995-03-01,5.4
1490,1995-05-05,1995-04-01,5.8
1491,1996-03-08,1995-04-01,5.7
1492,1999-01-08,1995-04-01,5.8
1493,1995-06-02,1995-05-01,5.7
1494,1996-03-08,1995-05-01,5.6
1495,1995-07-07,1995-06-01,5.6
1496,1995-08-04,1995-07-01,5.7
1497,1995-09-01,1995-08-01,5.6
1498,1997-01-10,1995-08-01,5.7
1499,1995-10-06,1995-09-01,5.6
1500,1997-01-10,1995-09-01,5.7
1501,2000-01-07,1995-09-01,5.6
1502,1995-11-03,1995-10-01,5.5
1503,1998-01-09,1995-10-01,5.6
1504,1999-01-08,1995-10-01,5.5
1505,1995-12-08,1995-11-01,5.6
1506,1996-01-19,1995-12-01,5.6
1507,1996-02-02,1996-01-01,5.8
1508,1997-01-10,1996-01-01,5.7
1509,1999-01-08,1996-01-01,5.6
1510,2000-01-07,1996-01-01,5.7
1511,2001-01-05,1996-01-01,5.6
1512,1996-03-08,1996-02-01,5.5
1513,1996-04-05,1996-03-01,5.6
1514,1997-01-10,1996-03-01,5.5
1515,1996-05-03,1996-04-01,5.4
1516,1997-01-10,1996-04-01,5.5
1517,2001-01-05,1996-04-01,5.6
1518,1996-06-07,1996-05-01,5.6
1519,1997-01-10,1996-05-01,5.5
1520,1999-01-08,1996-05-01,5.6
1521,1996-07-05,1996-06-01,5.3
1522,1996-08-02,1996-07-01,5.4
1523,1998-01-09,1996-07-01,5.5
1524,1996-09-06,1996-08-01,5.1
1525,1997-01-10,1996-08-01,5.2
1526,1999-01-08,1996-08-01,5.1
1527,1996-10-04,1996-09-01,5.2
1528,1996-11-01,1996-10-01,5.2
1529,1998-01-09,1996-10-01,5.3
1530,1999-01-08,1996-10-01,5.2
1531,1996-12-06,1996-11-01,5.4
1532,1997-01-10,1996-11-01,5.3
1533,1998-01-09,1996-11-01,5.4
1534,1997-01-10,1996-12-01,5.3
1535,1999-01-08,1996-12-01,5.4
1536,1997-02-07,1997-01-01,5.4
1537,1998-02-06,1997-01-01,5.3
1538,1997-03-07,1997-02-01,5.3
1539,2002-01-04,1997-02-01,5.2
1540,1997-04-04,1997-03-01,5.2
1541,1999-01-08,1997-03-01,5.1
1542,2000-01-07,1997-03-01,5.2
1543,1997-05-02,1997-04-01,4.9
1544,1998-02-06,1997-04-01,5.0
1545,2001-01-05,1997-04-01,5.1
1546,1997-06-06,1997-05-01,4.8
1547,1999-01-08,1997-05-01,4.9
1548,1997-07-03,1997-06-01,5.0
1549,1997-08-01,1997-07-01,4.8
1550,1998-02-06,1997-07-01,4.9
1551,2000-01-07,1997-07-01,4.8
1552,2001-01-05,1997-07-01,4.9
1553,1997-09-05,1997-08-01,4.9
1554,2000-01-07,1997-08-01,4.8
1555,1997-10-03,1997-09-01,4.9
1556,1997-11-07,1997-10-01,4.7
1557,1998-01-09,1997-10-01,4.8
1558,1999-01-08,1997-10-01,4.7
1559,1997-12-05,1997-11-01,4.6
1560,1998-01-09,1997-12-01,4.7
1561,1998-02-06,1998-01-01,4.7
1562,1999-01-08,1998-01-01,4.6
1563,2000-01-07,1998-01-01,4.7
1564,2002-01-04,1998-01-01,4.6
1565,1998-03-06,1998-02-01,4.6
1566,1998-04-03,1998-03-01,4.7
1567,1998-05-08,1998-04-01,4.3
1568,2001-01-05,1998-04-01,4.4
1569,2003-02-07,1998-04-01,4.3
1570,1998-06-05,1998-05-01,4.3
1571,1999-01-08,1998-05-01,4.4
1572,1998-07-02,1998-06-01,4.5
1573,1998-08-07,1998-07-01,4.5
1574,2002-01-04,1998-07-01,4.6
1575,2003-02-07,1998-07-01,4.5
1576,1998-09-04,1998-08-01,4.5
1577,1998-10-02,1998-09-01,4.6
1578,1999-01-08,1998-09-01,4.5
1579,2003-02-07,1998-09-01,4.6
1580,1998-11-05,1998-10-01,4.6
1581,1999-01-08,1998-10-01,4.5
1582,1998-12-04,1998-11-01,4.4
1583,1999-01-08,1998-12-01,4.3
1584,2000-01-07,1998-12-01,4.4
1585,1999-02-05,1999-01-01,4.3
1586,1999-03-05,1999-02-01,4.4
1587,2002-01-04,1999-02-01,4.3
1588,2003-02-07,1999-02-01,4.4
1589,1999-04-02,1999-03-01,4.2
1590,1999-05-07,1999-04-01,4.3
1591,2001-01-05,1999-04-01,4.4
1592,2003-02-07,1999-04-01,4.3
1593,1999-06-04,1999-05-01,4.2
1594,1999-07-02,1999-06-01,4.3
1595,1999-08-06,1999-07-01,4.3
1596,1999-09-03,1999-08-01,4.2
1597,1999-10-08,1999-09-01,4.2
1598,1999-11-05,1999-10-01,4.1
1599,1999-12-03,1999-11-01,4.1
1600,2000-01-07,1999-12-01,4.1
1601,2003-02-07,1999-12-01,4.0
1602,2000-02-04,2000-01-01,4.0
1603,2000-03-03,2000-02-01,4.1
1604,2000-04-07,2000-03-01,4.1
1605,2001-01-05,2000-03-01,4.0
1606,2000-05-05,2000-04-01,3.9
1607,2001-01-05,2000-04-01,4.0
1608,2002-01-04,2000-04-01,3.9
1609,2003-02-07,2000-04-01,3.8
1610,2000-06-02,2000-05-01,4.1
1611,2004-01-09,2000-05-01,4.0
1612,2000-07-07,2000-06-01,4.0
1613,2000-08-04,2000-07-01,4.0
1614,2002-01-04,2000-07-01,4.1
1615,2004-01-09,2000-07-01,4.0
1616,2000-09-01,2000-08-01,4.1
1617,2000-10-06,2000-09-01,3.9
1618,2002-01-04,2000-09-01,4.0
1619,2005-01-07,2000-09-01,3.9
1620,2000-11-03,2000-10-01,3.9
1621,2000-12-08,2000-11-01,4.0
1622,2004-01-09,2000-11-01,3.9
1623,2001-01-05,2000-12-01,4.0
1624,2003-02-07,2000-12-01,3.9
1625,2001-02-02,2001-01-01,4.2
1626,2003-02-07,2001-01-01,4.1
1627,2004-01-09,2001-01-01,4.2
1628,2001-03-09,2001-02-01,4.2
1629,2001-04-06,2001-03-01,4.3
1630,2003-02-07,2001-03-01,4.2
1631,2004-01-09,2001-03-01,4.3
1632,2001-05-04,2001-04-01,4.5
1633,2003-02-07,2001-04-01,4.4
1634,2001-06-01,2001-05-01,4.4
1635,2004-01-09,2001-05-01,4.3
1636,2001-07-06,2001-06-01,4.5
1637,2002-01-04,2001-06-01,4.6
1638,2004-01-09,2001-06-01,4.5
1639,2001-08-03,2001-07-01,4.5
1640,2002-01-04,2001-07-01,4.6
1641,2001-09-07,2001-08-01,4.9
1642,2001-10-05,2001-09-01,4.9
1643,2002-01-04,2001-09-01,5.0
1644,2001-11-02,2001-10-01,5.4
1645,2005-01-07,2001-10-01,5.3
1646,2001-12-07,2001-11-01,5.7
1647,2002-01-04,2001-11-01,5.6
1648,2006-01-06,2001-11-01,5.5
1649,2002-01-04,2001-12-01,5.8
1650,2004-01-09,2001-12-01,5.7
1651,2002-02-01,2002-01-01,5.6
1652,2005-01-07,2002-01-01,5.7
1653,2002-03-08,2002-02-01,5.5
1654,2003-02-07,2002-02-01,5.6
1655,2004-01-09,2002-02-01,5.7
1656,2002-04-05,2002-03-01,5.7
1657,2002-05-03,2002-04-01,6.0
1658,2003-02-07,2002-04-01,5.9
1659,2002-06-07,2002-05-01,5.8
1660,2002-07-05,2002-06-01,5.9
1661,2003-02-07,2002-06-01,5.8
1662,2002-08-02,2002-07-01,5.9
1663,2003-02-07,2002-07-01,5.8
1664,2002-09-06,2002-08-01,5.7
1665,2003-02-07,2002-08-01,5.8
1666,2004-01-09,2002-08-01,5.7
1667,2002-10-04,2002-09-01,5.6
1668,2003-02-07,2002-09-01,5.7
1669,2002-11-01,2002-10-01,5.7
1670,2003-02-07,2002-10-01,5.8
1671,2004-01-09,2002-10-01,5.7
1672,2002-12-06,2002-11-01,6.0
1673,2003-02-07,2002-11-01,5.9
1674,2003-01-10,2002-12-01,6.0
1675,2003-02-07,2003-01-01,5.7
1676,2004-01-09,2003-01-01,5.8
1677,2003-03-07,2003-02-01,5.8
1678,2004-01-09,2003-02-01,5.9
1679,2003-04-04,2003-03-01,5.8
1680,2006-01-06,2003-03-01,5.9
1681,2003-05-02,2003-04-01,6.0
1682,2003-06-06,2003-05-01,6.1
1683,2003-07-03,2003-06-01,6.4
1684,2004-01-09,2003-06-01,6.3
1685,2003-08-01,2003-07-01,6.2
1686,2003-09-05,2003-08-01,6.1
1687,2003-10-03,2003-09-01,6.1
1688,2003-11-07,2003-10-01,6.0
1689,2003-12-05,2003-11-01,5.9
1690,2007-01-05,2003-11-01,5.8
1691,2004-01-09,2003-12-01,5.7
1692,2004-02-06,2004-01-01,5.6
1693,2005-01-07,2004-01-01,5.7
1694,2004-03-05,2004-02-01,5.6
1695,2004-04-02,2004-03-01,5.7
1696,2007-01-05,2004-03-01,5.8
1697,2004-05-07,2004-04-01,5.6
1698,2005-01-07,2004-04-01,5.5
1699,2007-01-05,2004-04-01,5.6
1700,2004-06-04,2004-05-01,5.6
1701,2004-07-02,2004-06-01,5.6
1702,2004-08-06,2004-07-01,5.5
1703,2004-09-03,2004-08-01,5.4
1704,2004-10-08,2004-09-01,5.4
1705,2004-11-05,2004-10-01,5.5
1706,2006-01-06,2004-10-01,5.4
1707,2008-01-04,2004-10-01,5.5
1708,2004-12-03,2004-11-01,5.4
1709,2005-01-07,2004-12-01,5.4
1710,2005-02-04,2005-01-01,5.2
1711,2010-01-08,2005-01-01,5.3
1712,2005-03-04,2005-02-01,5.4
1713,2005-04-01,2005-03-01,5.2
1714,2006-01-06,2005-03-01,5.1
1715,2007-01-05,2005-03-01,5.2
1716,2005-05-06,2005-04-01,5.2
1717,2006-01-06,2005-04-01,5.1
1718,2009-01-09,2005-04-01,5.2
1719,2005-06-03,2005-05-01,5.1
1720,2005-07-08,2005-06-01,5.0
1721,2009-01-09,2005-06-01,5.1
1722,2010-01-08,2005-06-01,5.0
1723,2005-08-05,2005-07-01,5.0
1724,2005-09-02,2005-08-01,4.9
1725,2005-10-07,2005-09-01,5.1
1726,2009-01-09,2005-09-01,5.0
1727,2005-11-04,2005-10-01,5.0
1728,2006-01-06,2005-10-01,4.9
1729,2007-01-05,2005-10-01,5.0
1730,2005-12-02,2005-11-01,5.0
1731,2006-01-06,2005-12-01,4.9
1732,2008-01-04,2005-12-01,4.8
1733,2010-01-08,2005-12-01,4.9
1734,2006-02-03,2006-01-01,4.7
1735,2006-03-10,2006-02-01,4.8
1736,2008-01-04,2006-02-01,4.7
1737,2009-01-09,2006-02-01,4.8
1738,2006-04-07,2006-03-01,4.7
1739,2006-05-05,2006-04-01,4.7
1740,2006-06-02,2006-05-01,4.6
1741,2008-01-04,2006-05-01,4.7
1742,2010-01-08,2006-05-01,4.6
1743,2006-07-07,2006-06-01,4.6
1744,2006-08-04,2006-07-01,4.8
1745,2008-01-04,2006-07-01,4.7
1746,2006-09-01,2006-08-01,4.7
1747,2006-10-06,2006-09-01,4.6
1748,2008-01-04,2006-09-01,4.5
1749,2006-11-03,2006-10-01,4.4
1750,2006-12-08,2006-11-01,4.5
1751,2007-01-05,2006-12-01,4.5
1752,2008-01-04,2006-12-01,4.4
1753,2007-02-02,2007-01-01,4.6
1754,2007-03-09,2007-02-01,4.5
1755,2007-04-06,2007-03-01,4.4
1756,2007-05-04,2007-04-01,4.5
1757,2007-06-01,2007-05-01,4.5
1758,2010-01-08,2007-05-01,4.4
1759,2007-07-06,2007-06-01,4.5
1760,2008-01-04,2007-06-01,4.6
1761,2007-08-03,2007-07-01,4.6
1762,2008-01-04,2007-07-01,4.7
1763,2010-01-08,2007-07-01,4.6
1764,2011-01-07,2007-07-01,4.7
1765,2007-09-07,2007-08-01,4.6
1766,2008-01-04,2007-08-01,4.7
1767,2010-01-08,2007-08-01,4.6
1768,2007-10-05,2007-09-01,4.7
1769,2007-11-02,2007-10-01,4.7
1770,2008-01-04,2007-10-01,4.8
1771,2010-01-08,2007-10-01,4.7
1772,2007-12-07,2007-11-01,4.7
1773,2008-01-04,2007-12-01,5.0
1774,2009-01-09,2007-12-01,4.9
1775,2010-01-08,2007-12-01,5.0
1776,2008-02-01,2008-01-01,4.9
1777,2010-01-08,2008-01-01,5.0
1778,2008-03-07,2008-02-01,4.8
1779,2012-01-06,2008-02-01,4.9
1780,2008-04-04,2008-03-01,5.1
1781,2008-05-02,2008-04-01,5.0
1782,2011-01-07,2008-04-01,4.9
1783,2012-01-06,2008-04-01,5.0
1784,2008-06-06,2008-05-01,5.5
1785,2010-01-08,2008-05-01,5.4
1786,2008-07-03,2008-06-01,5.5
1787,2009-01-09,2008-06-01,5.6
1788,2010-01-08,2008-06-01,5.5
1789,2011-01-07,2008-06-01,5.6
1790,2008-08-01,2008-07-01,5.7
1791,2009-01-09,2008-07-01,5.8
1792,2008-09-05,2008-08-01,6.1
1793,2009-01-09,2008-08-01,6.2
1794,2010-01-08,2008-08-01,6.1
1795,2008-10-03,2008-09-01,6.1
1796,2009-01-09,2008-09-01,6.2
1797,2012-01-06,2008-09-01,6.1
1798,2008-11-07,2008-10-01,6.5
1799,2009-01-09,2008-10-01,6.6
1800,2012-01-06,2008-10-01,6.5
1801,2008-12-05,2008-11-01,6.7
1802,2009-01-09,2008-11-01,6.8
1803,2010-01-08,2008-11-01,6.9
1804,2011-01-07,2008-11-01,6.8
1805,2009-01-09,2008-12-01,7.2
1806,2010-01-08,2008-12-01,7.4
1807,2011-01-07,2008-12-01,7.3
1808,2009-02-06,2009-01-01,7.6
1809,2010-01-08,2009-01-01,7.7
1810,2011-01-07,2009-01-01,7.8
1811,2009-03-06,2009-02-01,8.1
1812,2010-01-08,2009-02-01,8.2
1813,2012-01-06,2009-02-01,8.3
1814,2009-04-03,2009-03-01,8.5
1815,2010-01-08,2009-03-01,8.6
1816,2012-01-06,2009-03-01,8.7
1817,2009-05-08,2009-04-01,8.9
1818,2013-01-04,2009-04-01,9.0
1819,2009-06-05,2009-05-01,9.4
1820,2009-07-02,2009-06-01,9.5
1821,2009-08-07,2009-07-01,9.4
1822,2011-01-07,2009-07-01,9.5
1823,2009-09-04,2009-08-01,9.7
1824,2012-01-06,2009-08-01,9.6
1825,2009-10-02,2009-09-01,9.8
1826,2009-11-06,2009-10-01,10.2
1827,2010-01-08,2009-10-01,10.1
1828,2012-01-06,2009-10-01,10.0
1829,2009-12-04,2009-11-01,10.0
1830,2011-01-07,2009-11-01,9.9
1831,2010-01-08,2009-12-01,10.0
1832,2011-01-07,2009-12-01,9.9
1833,2010-02-05,2010-01-01,9.7
1834,2013-01-04,2010-01-01,9.8
1835,2014-01-10,2010-01-01,9.7
1836,2015-01-09,2010-01-01,9.8
1837,2010-03-05,2010-02-01,9.7
1838,2012-01-06,2010-02-01,9.8
1839,2010-04-02,2010-03-01,9.7
1840,2012-01-06,2010-03-01,9.8
1841,2013-01-04,2010-03-01,9.9
1842,2010-05-07,2010-04-01,9.9
1843,2011-01-07,2010-04-01,9.8
1844,2012-01-06,2010-04-01,9.9
1845,2010-06-04,2010-05-01,9.7
1846,2011-01-07,2010-05-01,9.6
1847,2010-07-02,2010-06-01,9.5
1848,2012-01-06,2010-06-01,9.4
1849,2010-08-06,2010-07-01,9.5
1850,2015-01-09,2010-07-01,9.4
1851,2010-09-03,2010-08-01,9.6
1852,2013-01-04,2010-08-01,9.5
1853,2010-10-08,2010-09-01,9.6
1854,2012-01-06,2010-09-01,9.5
1855,2010-11-05,2010-10-01,9.6
1856,2011-01-07,2010-10-01,9.7
1857,2012-01-06,2010-10-01,9.5
1858,2015-01-09,2010-10-01,9.4
1859,2010-12-03,2010-11-01,9.8
1860,2011-01-07,2010-12-01,9.4
1861,2013-01-04,2010-12-01,9.3
1862,2014-01-10,2010-12-01,9.4
1863,2015-01-09,2010-12-01,9.3
1864,2011-02-04,2011-01-01,9.0
1865,2012-01-06,2011-01-01,9.1
1866,2015-01-09,2011-01-01,9.2
1867,2016-01-08,2011-01-01,9.1
1868,2011-03-04,2011-02-01,8.9
1869,2012-01-06,2011-02-01,9.0
1870,2011-04-01,2011-03-01,8.8
1871,2012-01-06,2011-03-01,8.9
1872,2014-01-10,2011-03-01,9.0
1873,2011-05-06,2011-04-01,9.0
1874,2014-01-10,2011-04-01,9.1
1875,2011-06-03,2011-05-01,9.1
1876,2012-01-06,2011-05-01,9.0
1877,2011-07-08,2011-06-01,9.2
1878,2012-01-06,2011-06-01,9.1
1879,2011-08-05,2011-07-01,9.1
1880,2013-01-04,2011-07-01,9.0
1881,2011-09-02,2011-08-01,9.1
1882,2013-01-04,2011-08-01,9.0
1883,2011-10-07,2011-09-01,9.1
1884,2012-01-06,2011-09-01,9.0
1885,2011-11-04,2011-10-01,9.0
1886,2012-01-06,2011-10-01,8.9
1887,2014-01-10,2011-10-01,8.8
1888,2011-12-02,2011-11-01,8.6
1889,2012-01-06,2011-11-01,8.7
1890,2013-01-04,2011-11-01,8.6
1891,2012-01-06,2011-12-01,8.5
1892,2012-02-03,2012-01-01,8.3
1893,2014-01-10,2012-01-01,8.2
1894,2015-01-09,2012-01-01,8.3
1895,2012-03-09,2012-02-01,8.3
1896,2012-04-06,2012-03-01,8.2
1897,2012-05-04,2012-04-01,8.1
1898,2014-01-10,2012-04-01,8.2
1899,2012-06-01,2012-05-01,8.2
1900,2012-07-06,2012-06-01,8.2
1901,2012-08-03,2012-07-01,8.3
1902,2013-01-04,2012-07-01,8.2
1903,2012-09-07,2012-08-01,8.1
1904,2015-01-09,2012-08-01,8.0
1905,2016-01-08,2012-08-01,8.1
1906,2012-10-05,2012-09-01,7.8
1907,2012-11-02,2012-10-01,7.9
1908,2014-01-10,2012-10-01,7.8
1909,2012-12-07,2012-11-01,7.7
1910,2013-01-04,2012-11-01,7.8
1911,2015-01-09,2012-11-01,7.7
1912,2013-01-04,2012-12-01,7.8
1913,2014-01-10,2012-12-01,7.9
1914,2013-02-01,2013-01-01,7.9
1915,2015-01-09,2013-01-01,8.0
1916,2013-03-08,2013-02-01,7.7
1917,2013-04-05,2013-03-01,7.6
1918,2014-01-10,2013-03-01,7.5
1919,2013-05-03,2013-04-01,7.5
1920,2015-01-09,2013-04-01,7.6
1921,2013-06-07,2013-05-01,7.6
1922,2014-01-10,2013-05-01,7.5
1923,2013-07-05,2013-06-01,7.6
1924,2014-01-10,2013-06-01,7.5
1925,2013-08-02,2013-07-01,7.4
1926,2014-01-10,2013-07-01,7.3
1927,2013-09-06,2013-08-01,7.3
1928,2014-01-10,2013-08-01,7.2
1929,2016-01-08,2013-08-01,7.3
1930,2018-01-05,2013-08-01,7.2
1931,2013-10-22,2013-09-01,7.2
1932,2016-01-08,2013-09-01,7.3
1933,2017-01-06,2013-09-01,7.2
1934,2013-11-08,2013-10-01,7.3
1935,2014-01-10,2013-10-01,7.2
1936,2013-12-06,2013-11-01,7.0
1937,2016-01-08,2013-11-01,6.9
1938,2014-01-10,2013-12-01,6.7
1939,2014-02-07,2014-01-01,6.6
1940,2014-03-07,2014-02-01,6.7
1941,2014-04-04,2014-03-01,6.7
1942,2015-01-09,2014-03-01,6.6
1943,2016-01-08,2014-03-01,6.7
1944,2014-05-02,2014-04-01,6.3
1945,2015-01-09,2014-04-01,6.2
1946,2018-01-05,2014-04-01,6.3
1947,2019-01-04,2014-04-01,6.2
1948,2014-06-06,2014-05-01,6.3
1949,2016-01-08,2014-05-01,6.2
1950,2017-01-06,2014-05-01,6.3
1951,2014-07-03,2014-06-01,6.1
1952,2014-08-01,2014-07-01,6.2
1953,2014-09-05,2014-08-01,6.1
1954,2016-01-08,2014-08-01,6.2
1955,2019-01-04,2014-08-01,6.1
1956,2014-10-03,2014-09-01,5.9
1957,2016-01-08,2014-09-01,6.0
1958,2017-01-06,2014-09-01,5.9
1959,2014-11-07,2014-10-01,5.8
1960,2015-01-09,2014-10-01,5.7
1961,2014-12-05,2014-11-01,5.8
1962,2015-01-09,2014-12-01,5.6
1963,2015-02-06,2015-01-01,5.7
1964,2015-03-06,2015-02-01,5.5
1965,2015-04-03,2015-03-01,5.5
1966,2017-01-06,2015-03-01,5.4
1967,2018-01-05,2015-03-01,5.5
1968,2019-01-04,2015-03-01,5.4
1969,2015-05-08,2015-04-01,5.4
1970,2015-06-05,2015-05-01,5.5
1971,2019-01-04,2015-05-01,5.6
1972,2015-07-02,2015-06-01,5.3
1973,2015-08-07,2015-07-01,5.3
1974,2017-01-06,2015-07-01,5.2
1975,2015-09-04,2015-08-01,5.1
1976,2015-10-02,2015-09-01,5.1
1977,2017-01-06,2015-09-01,5.0
1978,2015-11-06,2015-10-01,5.0
1979,2015-12-04,2015-11-01,5.0
1980,2019-01-04,2015-11-01,5.1
1981,2016-01-08,2015-12-01,5.0
1982,2016-02-05,2016-01-01,4.9
1983,2016-03-04,2016-02-01,4.9
1984,2016-04-01,2016-03-01,5.0
1985,2016-05-06,2016-04-01,5.0
1986,2016-06-03,2016-05-01,4.7
1987,2019-01-04,2016-05-01,4.8
1988,2016-07-08,2016-06-01,4.9
1989,2016-08-05,2016-07-01,4.9
1990,2019-01-04,2016-07-01,4.8
1991,2016-09-02,2016-08-01,4.9
1992,2016-10-07,2016-09-01,5.0
1993,2017-01-06,2016-09-01,4.9
1994,2018-01-05,2016-09-01,5.0
1995,2016-11-04,2016-10-01,4.9
1996,2017-01-06,2016-10-01,4.8
1997,2018-01-05,2016-10-01,4.9
1998,2016-12-02,2016-11-01,4.6
1999,2019-01-04,2016-11-01,4.7
2000,2017-01-06,2016-12-01,4.7
2001,2017-02-03,2017-01-01,4.8
2002,2019-01-04,2017-01-01,4.7
2003,2017-03-10,2017-02-01,4.7
2004,2020-01-10,2017-02-01,4.6
2005,2017-04-07,2017-03-01,4.5
2006,2019-01-04,2017-03-01,4.4
2007,2017-05-05,2017-04-01,4.4
2008,2017-06-02,2017-05-01,4.3
2009,2019-01-04,2017-05-01,4.4
2010,2017-07-07,2017-06-01,4.4
2011,2018-01-05,2017-06-01,4.3
2012,2017-08-04,2017-07-01,4.3
2013,2017-09-01,2017-08-01,4.4
2014,2017-10-06,2017-09-01,4.2
2015,2017-11-03,2017-10-01,4.1
2016,2017-12-08,2017-11-01,4.1
2017,2019-01-04,2017-11-01,4.2
2018,2018-01-05,2017-12-01,4.1
2019,2018-02-02,2018-01-01,4.1
2020,2018-03-09,2018-02-01,4.1
2021,2018-04-06,2018-03-01,4.1
2022,2019-01-04,2018-03-01,4.0
2023,2018-05-04,2018-04-01,3.9
2024,2020-01-10,2018-04-01,4.0
2025,2018-06-01,2018-05-01,3.8
2026,2018-07-06,2018-06-01,4.0
2027,2018-08-03,2018-07-01,3.9
2028,2020-01-10,2018-07-01,3.8
2029,2018-09-07,2018-08-01,3.9
2030,2019-01-04,2018-08-01,3.8
2031,2018-10-05,2018-09-01,3.7
2032,2018-11-02,2018-10-01,3.7
2033,2019-01-04,2018-10-01,3.8
2034,2018-12-07,2018-11-01,3.7
2035,2019-01-04,2018-12-01,3.9
2036,2019-02-01,2019-01-01,4.0
2037,2019-03-08,2019-02-01,3.8
2038,2019-04-05,2019-03-01,3.8
2039,2019-05-03,2019-04-01,3.6
2040,2019-06-07,2019-05-01,3.6
2041,2019-07-05,2019-06-01,3.7
2042,2019-08-02,2019-07-01,3.7
2043,2019-09-06,2019-08-01,3.7
2044,2019-10-04,2019-09-01,3.5
2045,2019-11-01,2019-10-01,3.6
2046,2019-12-06,2019-11-01,3.5
2047,2020-01-10,2019-12-01,3.5
