,realtime_start,date,gdp_value
0,1992-12-22,1946-01-01,199.7
2,1997-05-07,1946-01-01,210.4
4,1992-12-22,1946-04-01,207.7
6,1997-05-07,1946-04-01,218.5
8,1992-12-22,1946-07-01,217.9
10,1997-05-07,1946-07-01,228.6
12,1992-12-22,1946-10-01,222.2
14,1997-05-07,1946-10-01,232.8
16,1992-12-22,1947-01-01,226.7
18,1997-05-07,1947-01-01,237.4
20,2000-04-27,1947-01-01,237.5
21,2003-12-10,1947-01-01,237.2
22,2013-07-31,1947-01-01,243.1
23,2017-10-27,1947-01-01,243.08
24,2018-07-27,1947-01-01,243.16400000000002
25,1992-12-22,1947-04-01,230.6
27,1997-05-07,1947-04-01,240.9
29,2000-04-27,1947-04-01,240.7
30,2003-12-10,1947-04-01,240.5
31,2009-07-31,1947-04-01,240.4
32,2013-07-31,1947-04-01,246.3
33,2017-10-27,1947-04-01,246.267
34,2018-07-27,1947-04-01,245.968
35,1992-12-22,1947-07-01,234.9
37,1997-05-07,1947-07-01,245.1
39,2000-04-27,1947-07-01,244.9
40,2003-12-10,1947-07-01,244.6
41,2009-07-31,1947-07-01,244.5
42,2013-07-31,1947-07-01,250.1
43,2017-10-27,1947-07-01,250.115
44,2018-07-27,1947-07-01,249.585
45,1992-12-22,1947-10-01,245.0
47,1997-05-07,1947-10-01,255.0
49,2000-04-27,1947-10-01,254.7
50,2003-12-10,1947-10-01,254.4
51,2009-07-31,1947-10-01,254.3
52,2013-07-31,1947-10-01,260.3
53,2017-10-27,1947-10-01,260.309
54,2018-07-27,1947-10-01,259.745
55,1992-12-22,1948-01-01,251.1
57,1997-05-07,1948-01-01,260.8
59,2000-04-27,1948-01-01,260.8
60,2003-12-10,1948-01-01,260.4
61,2009-07-31,1948-01-01,260.3
62,2013-07-31,1948-01-01,266.2
63,2017-10-27,1948-01-01,266.173
64,2018-07-27,1948-01-01,265.742
65,1992-12-22,1948-04-01,258.3
67,1997-05-07,1948-04-01,267.9
69,2000-04-27,1948-04-01,267.7
70,2003-12-10,1948-04-01,267.3
71,2013-07-31,1948-04-01,272.9
72,2017-10-27,1948-04-01,272.897
73,2018-07-27,1948-04-01,272.567
74,1992-12-22,1948-07-01,265.3
76,1997-05-07,1948-07-01,274.4
78,2000-04-27,1948-07-01,274.3
79,2003-12-10,1948-07-01,273.9
80,2009-07-31,1948-07-01,273.8
81,2013-07-31,1948-07-01,279.5
82,2017-10-27,1948-07-01,279.497
83,2018-07-27,1948-07-01,279.19599999999997
84,1992-12-22,1948-10-01,266.6
86,1997-05-07,1948-10-01,275.8
88,2000-04-27,1948-10-01,275.6
89,2003-12-10,1948-10-01,275.2
90,2009-07-31,1948-10-01,275.1
91,2013-07-31,1948-10-01,280.7
92,2017-10-27,1948-10-01,280.656
93,2018-07-27,1948-10-01,280.366
94,1992-12-22,1949-01-01,261.6
96,1997-05-07,1949-01-01,270.6
98,2000-04-27,1949-01-01,270.4
99,2003-12-10,1949-01-01,270.0
100,2009-07-31,1949-01-01,269.9
101,2013-07-31,1949-01-01,275.4
102,2017-10-27,1949-01-01,275.37
103,2018-07-27,1949-01-01,275.034
104,1992-12-22,1949-04-01,258.1
106,1997-05-07,1949-04-01,266.7
108,2000-04-27,1949-04-01,266.6
109,2003-12-10,1949-04-01,266.2
110,2013-07-31,1949-04-01,271.7
111,2017-10-27,1949-04-01,271.692
112,2018-07-27,1949-04-01,271.351
113,1992-12-22,1949-07-01,259.9
115,1997-05-07,1949-07-01,268.1
117,2000-04-27,1949-07-01,268.0
118,2003-12-10,1949-07-01,267.7
119,2009-07-31,1949-07-01,267.6
120,2013-07-31,1949-07-01,273.3
121,2017-10-27,1949-07-01,273.262
122,2018-07-27,1949-07-01,272.889
123,1992-12-22,1949-10-01,257.7
125,1997-05-07,1949-10-01,265.7
127,2000-04-27,1949-10-01,265.6
128,2003-12-10,1949-10-01,265.2
129,2013-07-31,1949-10-01,271.0
130,2017-10-27,1949-10-01,270.98400000000004
131,2018-07-27,1949-10-01,270.627
132,1992-12-22,1950-01-01,268.3
134,1997-05-07,1950-01-01,276.0
136,2000-04-27,1950-01-01,275.7
137,2003-12-10,1950-01-01,275.2
138,2013-07-31,1950-01-01,281.2
139,2017-10-27,1950-01-01,281.209
140,2018-07-27,1950-01-01,280.828
141,1992-12-22,1950-04-01,277.9
143,1997-05-07,1950-04-01,285.3
145,2000-04-27,1950-04-01,285.1
146,2003-12-10,1950-04-01,284.6
147,2009-07-31,1950-04-01,284.5
148,2013-07-31,1950-04-01,290.7
149,2017-10-27,1950-04-01,290.735
150,2018-07-27,1950-04-01,290.383
151,1992-12-22,1950-07-01,295.3
153,1997-05-07,1950-07-01,302.8
155,2000-04-27,1950-07-01,302.5
156,2003-12-10,1950-07-01,302.0
157,2009-07-31,1950-07-01,301.9
158,2013-07-31,1950-07-01,308.5
159,2017-10-27,1950-07-01,308.51
160,2018-07-27,1950-07-01,308.153
161,1992-12-22,1950-10-01,306.7
163,1997-05-07,1950-10-01,314.4
165,2000-04-27,1950-10-01,313.9
166,2003-12-10,1950-10-01,313.4
167,2009-07-31,1950-10-01,313.3
168,2013-07-31,1950-10-01,320.3
169,2017-10-27,1950-10-01,320.32
170,2018-07-27,1950-10-01,319.945
171,1992-12-22,1951-01-01,321.6
173,1997-05-07,1951-01-01,329.5
175,2000-04-27,1951-01-01,329.3
176,2003-12-10,1951-01-01,329.0
177,2013-07-31,1951-01-01,336.4
178,2017-10-27,1951-01-01,336.37199999999996
179,2018-07-27,1951-01-01,336.0
180,1992-12-22,1951-04-01,329.1
182,1997-05-07,1951-04-01,337.1
184,2000-04-27,1951-04-01,336.9
185,2003-12-10,1951-04-01,336.7
186,2009-07-31,1951-04-01,336.6
187,2013-07-31,1951-04-01,344.5
188,2017-10-27,1951-04-01,344.455
189,2018-07-27,1951-04-01,344.09
190,1992-12-22,1951-07-01,335.8
192,1997-05-07,1951-07-01,344.0
194,2000-04-27,1951-07-01,343.7
195,2003-12-10,1951-07-01,343.6
196,2009-07-31,1951-07-01,343.5
197,2013-07-31,1951-07-01,351.8
198,2017-10-27,1951-07-01,351.774
199,2018-07-27,1951-07-01,351.385
200,1992-12-22,1951-10-01,340.0
202,1997-05-07,1951-10-01,348.4
204,2000-04-27,1951-10-01,348.1
205,2003-12-10,1951-10-01,348.0
206,2009-07-31,1951-10-01,347.9
207,2013-07-31,1951-10-01,356.6
208,2017-10-27,1951-10-01,356.579
209,2018-07-27,1951-10-01,356.17800000000005
210,1992-12-22,1952-01-01,343.2
212,1997-05-07,1952-01-01,351.7
214,2000-04-27,1952-01-01,351.5
215,2003-12-10,1952-01-01,351.3
216,2009-07-31,1952-01-01,351.2
217,2013-07-31,1952-01-01,360.2
218,2017-10-27,1952-01-01,360.195
219,2018-07-27,1952-01-01,359.82
220,1992-12-22,1952-04-01,343.7
222,1997-05-07,1952-04-01,352.5
224,2000-04-27,1952-04-01,352.4
225,2003-12-10,1952-04-01,352.2
226,2009-07-31,1952-04-01,352.1
227,2013-07-31,1952-04-01,361.4
228,2017-10-27,1952-04-01,361.414
229,2018-07-27,1952-04-01,361.03
230,1992-12-22,1952-07-01,349.6
232,1997-05-07,1952-07-01,358.7
234,2000-04-27,1952-07-01,358.8
235,2003-12-10,1952-07-01,358.5
236,2013-07-31,1952-07-01,368.1
237,2017-10-27,1952-07-01,368.084
238,2018-07-27,1952-07-01,367.70099999999996
239,1992-12-22,1952-10-01,362.2
241,1997-05-07,1952-10-01,371.4
243,2000-04-27,1952-10-01,371.8
244,2003-12-10,1952-10-01,371.4
245,2013-07-31,1952-10-01,381.2
246,2017-10-27,1952-10-01,381.241
247,2018-07-27,1952-10-01,380.81199999999995
248,1992-12-22,1953-01-01,369.0
250,1997-05-07,1953-01-01,378.5
252,2000-04-27,1953-01-01,378.9
253,2003-12-10,1953-01-01,378.4
254,2013-07-31,1953-01-01,388.5
255,2017-10-27,1953-01-01,388.472
256,2018-07-27,1953-01-01,387.98
257,1992-12-22,1953-04-01,372.4
259,1997-05-07,1953-04-01,382.1
261,2000-04-27,1953-04-01,382.5
262,2003-12-10,1953-04-01,382.0
263,2013-07-31,1953-04-01,392.3
264,2017-10-27,1953-04-01,392.259
265,2018-07-27,1953-04-01,391.749
266,1992-12-22,1953-07-01,371.8
268,1997-05-07,1953-07-01,381.6
270,2000-04-27,1953-07-01,381.7
271,2003-12-10,1953-07-01,381.1
272,2013-07-31,1953-07-01,391.7
273,2017-10-27,1953-07-01,391.69599999999997
274,2018-07-27,1953-07-01,391.171
275,1992-12-22,1953-10-01,366.8
277,1997-05-07,1953-10-01,376.6
279,2000-04-27,1953-10-01,376.6
280,2003-12-10,1953-10-01,375.9
281,2013-07-31,1953-10-01,386.5
282,2017-10-27,1953-10-01,386.52099999999996
283,2018-07-27,1953-10-01,385.97
284,1992-12-22,1954-01-01,366.3
286,1997-05-07,1954-01-01,376.4
288,2000-04-27,1954-01-01,376.0
289,2003-12-10,1954-01-01,375.3
290,2009-07-31,1954-01-01,375.2
291,2013-07-31,1954-01-01,385.9
292,2017-10-27,1954-01-01,385.92400000000004
293,2018-07-27,1954-01-01,385.345
294,1992-12-22,1954-04-01,366.6
296,1997-05-07,1954-04-01,376.9
298,2000-04-27,1954-04-01,376.7
299,2003-12-10,1954-04-01,376.0
300,2013-07-31,1954-04-01,386.7
301,2017-10-27,1954-04-01,386.716
302,2018-07-27,1954-04-01,386.121
303,1992-12-22,1954-07-01,371.2
305,1997-05-07,1954-07-01,381.7
307,2000-04-27,1954-07-01,381.5
308,2003-12-10,1954-07-01,380.8
309,2013-07-31,1954-07-01,391.6
310,2017-10-27,1954-07-01,391.596
311,2018-07-27,1954-07-01,390.996
312,1992-12-22,1954-10-01,379.4
314,1997-05-07,1954-10-01,390.1
316,2000-04-27,1954-10-01,390.1
317,2003-12-10,1954-10-01,389.5
318,2009-07-31,1954-10-01,389.4
319,2013-07-31,1954-10-01,400.3
320,2017-10-27,1954-10-01,400.348
321,2018-07-27,1954-10-01,399.73400000000004
322,1992-12-22,1955-01-01,392.3
324,1997-05-07,1955-01-01,402.9
326,2000-04-27,1955-01-01,403.1
327,2003-12-10,1955-01-01,402.6
328,2013-07-31,1955-01-01,413.8
329,2017-10-27,1955-01-01,413.75300000000004
330,2018-07-27,1955-01-01,413.07300000000004
331,1992-12-22,1955-04-01,400.6
333,1997-05-07,1955-04-01,411.3
335,2000-04-27,1955-04-01,411.4
336,2003-12-10,1955-04-01,410.9
337,2013-07-31,1955-04-01,422.2
338,2017-10-27,1955-04-01,422.226
339,2018-07-27,1955-04-01,421.532
340,1992-12-22,1955-07-01,408.9
342,1997-05-07,1955-07-01,419.8
344,2000-04-27,1955-07-01,419.9
345,2003-12-10,1955-07-01,419.5
346,2009-07-31,1955-07-01,419.4
347,2013-07-31,1955-07-01,430.9
348,2017-10-27,1955-07-01,430.925
349,2018-07-27,1955-07-01,430.221
350,1992-12-22,1955-10-01,415.2
352,1997-05-07,1955-10-01,426.4
354,2000-04-27,1955-10-01,426.4
355,2003-12-10,1955-10-01,426.0
356,2013-07-31,1955-10-01,437.8
357,2017-10-27,1955-10-01,437.787
358,2018-07-27,1955-10-01,437.092
359,1992-12-22,1956-01-01,417.6
361,1997-05-07,1956-01-01,429.0
363,2000-04-27,1956-01-01,428.8
364,2003-12-10,1956-01-01,428.3
365,2013-07-31,1956-01-01,440.5
366,2017-10-27,1956-01-01,440.491
367,2018-07-27,1956-01-01,439.746
368,1992-12-22,1956-04-01,423.1
370,1997-05-07,1956-04-01,434.7
372,2000-04-27,1956-04-01,434.7
373,2003-12-10,1956-04-01,434.2
374,2013-07-31,1956-04-01,446.8
375,2017-10-27,1956-04-01,446.77099999999996
376,2018-07-27,1956-04-01,446.01
377,1992-12-22,1956-07-01,427.8
379,1997-05-07,1956-07-01,439.6
381,2000-04-27,1956-07-01,439.7
382,2003-12-10,1956-07-01,439.3
383,2009-07-31,1956-07-01,439.2
384,2013-07-31,1956-07-01,452.0
385,2017-10-27,1956-07-01,451.983
386,2018-07-27,1956-07-01,451.191
387,1992-12-22,1956-10-01,436.5
389,1997-05-07,1956-10-01,448.5
391,2000-04-27,1956-10-01,448.6
392,2003-12-10,1956-10-01,448.1
393,2013-07-31,1956-10-01,461.3
394,2017-10-27,1956-10-01,461.278
395,2018-07-27,1956-10-01,460.463
396,1992-12-22,1957-01-01,444.9
398,1997-05-07,1957-01-01,457.2
400,2000-04-27,1957-01-01,457.6
401,2003-12-10,1957-01-01,457.2
402,2013-07-31,1957-01-01,470.6
403,2017-10-27,1957-01-01,470.57800000000003
404,2018-07-27,1957-01-01,469.779
405,1992-12-22,1957-04-01,446.6
407,1997-05-07,1957-04-01,459.0
409,2000-04-27,1957-04-01,459.6
410,2003-12-10,1957-04-01,459.2
411,2013-07-31,1957-04-01,472.8
412,2017-10-27,1957-04-01,472.835
413,2018-07-27,1957-04-01,472.025
414,1992-12-22,1957-07-01,453.9
416,1997-05-07,1957-07-01,466.4
418,2000-04-27,1957-07-01,466.8
419,2003-12-10,1957-07-01,466.4
420,2013-07-31,1957-07-01,480.3
421,2017-10-27,1957-07-01,480.315
422,2018-07-27,1957-07-01,479.49
423,1992-12-22,1957-10-01,449.0
425,1997-05-07,1957-10-01,461.6
427,2000-04-27,1957-10-01,462.0
428,2003-12-10,1957-10-01,461.5
429,2013-07-31,1957-10-01,475.7
430,2017-10-27,1957-10-01,475.681
431,2018-07-27,1957-10-01,474.86400000000003
432,1992-12-22,1958-01-01,441.6
434,1997-05-07,1958-01-01,454.0
436,2000-04-27,1958-01-01,454.6
437,2003-12-10,1958-01-01,454.0
438,2009-07-31,1958-01-01,453.9
439,2013-07-31,1958-01-01,468.4
440,2017-10-27,1958-01-01,468.353
441,2018-07-27,1958-01-01,467.54
442,1992-12-22,1958-04-01,445.8
444,1997-05-07,1958-04-01,458.3
446,2000-04-27,1958-04-01,458.9
447,2003-12-10,1958-04-01,458.1
448,2009-07-31,1958-04-01,458.0
449,2013-07-31,1958-04-01,472.8
450,2017-10-27,1958-04-01,472.786
451,2018-07-27,1958-04-01,471.978
452,1992-12-22,1958-07-01,459.1
454,1997-05-07,1958-07-01,471.8
456,2000-04-27,1958-07-01,472.4
457,2003-12-10,1958-07-01,471.7
458,2013-07-31,1958-07-01,486.7
459,2017-10-27,1958-07-01,486.653
460,2018-07-27,1958-07-01,485.841
461,1992-12-22,1958-10-01,472.3
463,1997-05-07,1958-10-01,485.2
465,2000-04-27,1958-10-01,485.8
466,2003-12-10,1958-10-01,485.0
467,2013-07-31,1958-10-01,500.4
468,2017-10-27,1958-10-01,500.38
469,2018-07-27,1958-10-01,499.555
470,1991-12-04,1959-01-01,483.5
471,1996-01-19,1959-01-01,496.3
473,1999-10-29,1959-01-01,496.1
474,2003-12-10,1959-01-01,495.4
475,2009-07-31,1959-01-01,495.5
476,2013-07-31,1959-01-01,511.1
477,2017-10-27,1959-01-01,511.06300000000005
478,2018-07-27,1959-01-01,510.33
479,1991-12-04,1959-04-01,496.2
480,1996-01-19,1959-04-01,509.3
482,1999-10-29,1959-04-01,509.2
483,2003-12-10,1959-04-01,508.4
484,2009-07-31,1959-04-01,508.5
485,2013-07-31,1959-04-01,524.2
486,2017-10-27,1959-04-01,524.241
487,2018-07-27,1959-04-01,522.653
488,1991-12-04,1959-07-01,496.4
489,1996-01-19,1959-07-01,509.6
491,1999-10-29,1959-07-01,510.2
492,2003-12-10,1959-07-01,509.3
493,2013-07-31,1959-07-01,525.2
494,2017-10-27,1959-07-01,525.196
495,2018-07-27,1959-07-01,525.034
496,1991-12-04,1959-10-01,500.5
497,1996-01-19,1959-10-01,513.8
499,1999-10-29,1959-10-01,514.2
500,2003-12-10,1959-10-01,513.2
501,2013-07-31,1959-10-01,529.3
502,2017-10-27,1959-10-01,529.322
503,2018-07-27,1959-10-01,528.6
504,1991-12-04,1960-01-01,514.0
505,1996-01-19,1960-01-01,527.3
507,1999-10-29,1960-01-01,527.9
508,2003-12-10,1960-01-01,526.9
509,2009-07-31,1960-01-01,527.0
510,2013-07-31,1960-01-01,543.3
511,2017-10-27,1960-01-01,543.347
512,2018-07-27,1960-01-01,542.648
513,1991-12-04,1960-04-01,512.9
514,1996-01-19,1960-04-01,526.1
516,1999-10-29,1960-04-01,527.1
517,2003-12-10,1960-04-01,526.1
518,2009-07-31,1960-04-01,526.2
519,2013-07-31,1960-04-01,542.7
520,2017-10-27,1960-04-01,542.697
521,2018-07-27,1960-04-01,541.08
522,1991-12-04,1960-07-01,515.8
523,1996-01-19,1960-07-01,529.0
525,1999-10-29,1960-07-01,529.9
526,2003-12-10,1960-07-01,528.9
527,2009-07-31,1960-07-01,529.0
528,2013-07-31,1960-07-01,546.0
529,2017-10-27,1960-07-01,546.012
530,2018-07-27,1960-07-01,545.604
531,1991-12-04,1960-10-01,510.8
532,1996-01-19,1960-10-01,523.9
534,1999-10-29,1960-10-01,524.6
535,2003-12-10,1960-10-01,523.6
536,2009-07-31,1960-10-01,523.7
537,2013-07-31,1960-10-01,541.1
538,2017-10-27,1960-10-01,541.063
539,2018-07-27,1960-10-01,540.197
540,1991-12-04,1961-01-01,515.1
541,1996-01-19,1961-01-01,528.1
543,1999-10-29,1961-01-01,528.9
544,2003-12-10,1961-01-01,527.9
545,2009-07-31,1961-01-01,528.0
546,2013-07-31,1961-01-01,545.9
547,2017-10-27,1961-01-01,545.9490000000001
548,2018-07-27,1961-01-01,545.018
549,1991-12-04,1961-04-01,525.9
550,1996-01-19,1961-04-01,538.9
552,1999-10-29,1961-04-01,539.9
553,2003-12-10,1961-04-01,539.0
554,2013-07-31,1961-04-01,557.4
555,2017-10-27,1961-04-01,557.43
556,2018-07-27,1961-04-01,555.545
557,1991-12-04,1961-07-01,536.6
558,1996-01-19,1961-07-01,549.6
560,1999-10-29,1961-07-01,550.3
561,2003-12-10,1961-07-01,549.4
562,2009-07-31,1961-07-01,549.5
563,2013-07-31,1961-07-01,568.2
564,2017-10-27,1961-07-01,568.2280000000001
565,2018-07-27,1961-07-01,567.664
566,1991-12-04,1961-10-01,549.5
567,1996-01-19,1961-10-01,562.6
569,1999-10-29,1961-10-01,563.4
570,2003-12-10,1961-10-01,562.5
571,2009-07-31,1961-10-01,562.6
572,2013-07-31,1961-10-01,581.6
573,2017-10-27,1961-10-01,581.624
574,2018-07-27,1961-10-01,580.612
575,1991-12-04,1962-01-01,561.9
576,1996-01-19,1962-01-01,575.3
578,1999-10-29,1962-01-01,576.8
579,2003-12-10,1962-01-01,576.0
580,2009-07-31,1962-01-01,576.1
581,2013-07-31,1962-01-01,595.2
582,2017-10-27,1962-01-01,595.1759999999999
583,2018-07-27,1962-01-01,594.013
584,1991-12-04,1962-04-01,569.4
585,1996-01-19,1962-04-01,582.8
587,1999-10-29,1962-04-01,583.9
588,2003-12-10,1962-04-01,583.2
589,2013-07-31,1962-04-01,602.6
590,2017-10-27,1962-04-01,602.58
591,2018-07-27,1962-04-01,600.366
592,1991-12-04,1962-07-01,576.2
593,1996-01-19,1962-07-01,589.9
595,1999-10-29,1962-07-01,591.0
596,2003-12-10,1962-07-01,590.0
597,2013-07-31,1962-07-01,609.6
598,2017-10-27,1962-07-01,609.575
599,2018-07-27,1962-07-01,609.0269999999999
600,1991-12-04,1962-10-01,578.9
601,1996-01-19,1962-10-01,592.9
603,1999-10-29,1962-10-01,594.4
604,2003-12-10,1962-10-01,593.3
605,2013-07-31,1962-10-01,613.1
606,2017-10-27,1962-10-01,613.132
607,2018-07-27,1962-10-01,612.28
608,1991-12-04,1963-01-01,588.1
609,1996-01-19,1963-01-01,602.2
611,1999-10-29,1963-01-01,603.4
612,2003-12-10,1963-01-01,602.4
613,2009-07-31,1963-01-01,602.5
614,2013-07-31,1963-01-01,622.7
615,2017-10-27,1963-01-01,622.679
616,2018-07-27,1963-01-01,621.672
617,1991-12-04,1963-04-01,596.7
618,1996-01-19,1963-04-01,610.9
620,1999-10-29,1963-04-01,612.1
621,2003-12-10,1963-04-01,611.2
622,2013-07-31,1963-04-01,631.8
623,2017-10-27,1963-04-01,631.835
624,2018-07-27,1963-04-01,629.752
625,1991-12-04,1963-07-01,609.4
626,1996-01-19,1963-07-01,623.7
628,1999-10-29,1963-07-01,624.9
629,2003-12-10,1963-07-01,623.9
630,2013-07-31,1963-07-01,645.0
631,2017-10-27,1963-07-01,644.96
632,2018-07-27,1963-07-01,644.444
633,1991-12-04,1963-10-01,618.3
634,1996-01-19,1963-10-01,632.8
636,1999-10-29,1963-10-01,634.3
637,2003-12-10,1963-10-01,633.5
638,2013-07-31,1963-10-01,654.8
639,2017-10-27,1963-10-01,654.84
640,2018-07-27,1963-10-01,653.938
641,1991-12-04,1964-01-01,634.8
642,1996-01-19,1964-01-01,649.4
644,1999-10-29,1964-01-01,650.4
645,2003-12-10,1964-01-01,649.6
646,2013-07-31,1964-01-01,671.2
647,2014-07-30,1964-01-01,671.1
648,2017-10-27,1964-01-01,671.1489999999999
649,2018-07-27,1964-01-01,669.822
650,1991-12-04,1964-04-01,643.6
651,1996-01-19,1964-04-01,658.4
653,1999-10-29,1964-04-01,659.6
654,2003-12-10,1964-04-01,658.8
655,2009-07-31,1964-04-01,658.9
656,2013-07-31,1964-04-01,680.8
657,2017-10-27,1964-04-01,680.757
658,2018-07-27,1964-04-01,678.674
659,1991-12-04,1964-07-01,654.1
660,1996-01-19,1964-07-01,669.2
662,1999-10-29,1964-07-01,671.2
663,2003-12-10,1964-07-01,670.5
664,2013-07-31,1964-07-01,692.8
665,2017-10-27,1964-07-01,692.807
666,2018-07-27,1964-07-01,692.0310000000001
667,1991-12-04,1964-10-01,659.7
668,1996-01-19,1964-10-01,675.1
670,1999-10-29,1964-10-01,676.3
671,2003-12-10,1964-10-01,675.6
672,2013-07-31,1964-10-01,698.4
673,2017-10-27,1964-10-01,698.424
674,2018-07-27,1964-10-01,697.319
675,1991-12-04,1965-01-01,679.8
676,1996-01-19,1965-01-01,695.6
678,1999-10-29,1965-01-01,696.5
679,2003-12-10,1965-01-01,695.7
680,2013-07-31,1965-01-01,719.2
681,2017-10-27,1965-01-01,719.248
682,2018-07-27,1965-01-01,717.79
683,1991-12-04,1965-04-01,691.9
684,1996-01-19,1965-04-01,708.2
686,1999-10-29,1965-04-01,709.0
687,2003-12-10,1965-04-01,708.1
688,2013-07-31,1965-04-01,732.4
689,2017-10-27,1965-04-01,732.3689999999999
690,2018-07-27,1965-04-01,730.191
691,1991-12-04,1965-07-01,708.3
692,1996-01-19,1965-07-01,725.0
694,1999-10-29,1965-07-01,726.2
695,2003-12-10,1965-07-01,725.2
696,2013-07-31,1965-07-01,750.2
697,2017-10-27,1965-07-01,750.184
698,2018-07-27,1965-07-01,749.323
699,1991-12-04,1965-10-01,730.7
700,1996-01-19,1965-10-01,747.7
702,1999-10-29,1965-10-01,748.7
703,2003-12-10,1965-10-01,747.5
704,2013-07-31,1965-10-01,773.1
705,2017-10-27,1965-10-01,773.1039999999999
706,2018-07-27,1965-10-01,771.857
707,1991-12-04,1966-01-01,753.1
708,1996-01-19,1966-01-01,770.5
710,1999-10-29,1966-01-01,772.3
711,2003-12-10,1966-01-01,770.8
712,2013-07-31,1966-01-01,797.3
713,2017-10-27,1966-01-01,797.328
714,2018-07-27,1966-01-01,795.7339999999999
715,1991-12-04,1966-04-01,762.2
716,1996-01-19,1966-04-01,780.0
718,1999-10-29,1966-04-01,781.5
719,2003-12-10,1966-04-01,779.9
720,2013-07-31,1966-04-01,807.2
721,2017-10-27,1966-04-01,807.153
722,2018-07-27,1966-04-01,804.9810000000001
723,1991-12-04,1966-07-01,775.3
724,1996-01-19,1966-07-01,793.6
726,1999-10-29,1966-07-01,794.8
727,2003-12-10,1966-07-01,793.4
728,2009-07-31,1966-07-01,793.1
729,2013-07-31,1966-07-01,820.8
730,2017-10-27,1966-07-01,820.798
731,2018-07-27,1966-07-01,819.638
732,1991-12-04,1966-10-01,788.5
733,1996-01-19,1966-10-01,807.1
735,1999-10-29,1966-10-01,808.6
736,2003-12-10,1966-10-01,807.1
737,2009-07-31,1966-10-01,806.9
738,2013-07-31,1966-10-01,834.9
739,2017-10-27,1966-10-01,834.8639999999999
740,2018-07-27,1966-10-01,833.302
741,1991-12-04,1967-01-01,797.7
742,1996-01-19,1967-01-01,816.9
743,1997-05-07,1967-01-01,817.5
745,1999-10-29,1967-01-01,819.3
746,2003-12-10,1967-01-01,817.9
747,2009-07-31,1967-01-01,817.8
748,2013-07-31,1967-01-01,846.0
749,2017-10-27,1967-01-01,846.046
750,2018-07-27,1967-01-01,844.17
751,1991-12-04,1967-04-01,803.8
752,1996-01-19,1967-04-01,823.0
753,1997-05-07,1967-04-01,823.3
755,1999-10-29,1967-04-01,823.9
756,2003-12-10,1967-04-01,822.5
757,2009-07-31,1967-04-01,822.3
758,2013-07-31,1967-04-01,851.1
759,2017-10-27,1967-04-01,851.058
760,2018-07-27,1967-04-01,848.9830000000001
761,1991-12-04,1967-07-01,820.5
762,1996-01-19,1967-07-01,838.9
764,1999-10-29,1967-07-01,838.7
765,2003-12-10,1967-07-01,837.1
766,2009-07-31,1967-07-01,837.0
767,2013-07-31,1967-07-01,866.6
768,2017-10-27,1967-07-01,866.6139999999999
769,2018-07-27,1967-07-01,865.2330000000001
770,1991-12-04,1967-10-01,835.3
771,1996-01-19,1967-10-01,855.6
772,1997-05-07,1967-10-01,854.7
774,1999-10-29,1967-10-01,854.4
775,2003-12-10,1967-10-01,852.8
776,2009-07-31,1967-10-01,852.7
777,2013-07-31,1967-10-01,883.2
778,2017-10-27,1967-10-01,883.201
779,2018-07-27,1967-10-01,881.439
780,1991-12-04,1968-01-01,859.6
781,1996-01-19,1968-01-01,880.6
782,1997-05-07,1968-01-01,880.5
784,1999-10-29,1968-01-01,881.4
785,2003-12-10,1968-01-01,879.9
786,2009-07-31,1968-01-01,879.8
787,2013-07-31,1968-01-01,911.1
788,2017-10-27,1968-01-01,911.135
789,2018-07-27,1968-01-01,909.387
790,1991-12-04,1968-04-01,883.7
791,1996-01-19,1968-04-01,904.7
792,1997-05-07,1968-04-01,904.9
794,1999-10-29,1968-04-01,905.7
795,2003-12-10,1968-04-01,904.2
796,2009-07-31,1968-04-01,904.1
797,2013-07-31,1968-04-01,936.3
798,2017-10-27,1968-04-01,936.297
799,2018-07-27,1968-04-01,934.3439999999999
800,1991-12-04,1968-07-01,900.3
801,1996-01-19,1968-07-01,919.7
802,1997-05-07,1968-07-01,920.1
804,1999-10-29,1968-07-01,920.9
805,2003-12-10,1968-07-01,919.4
806,2009-07-31,1968-07-01,919.3
807,2013-07-31,1968-07-01,952.3
808,2017-10-27,1968-07-01,952.347
809,2018-07-27,1968-07-01,950.825
810,1991-12-04,1968-10-01,913.7
811,1996-01-19,1968-10-01,937.3
812,1997-05-07,1968-10-01,936.8
814,1999-10-29,1968-10-01,937.8
815,2003-12-10,1968-10-01,936.3
816,2009-07-31,1968-10-01,936.2
817,2013-07-31,1968-10-01,970.1
818,2017-10-27,1968-10-01,970.1289999999999
819,2018-07-27,1968-10-01,968.03
820,1991-12-04,1969-01-01,937.3
821,1996-01-19,1969-01-01,959.9
822,1997-05-07,1969-01-01,960.0
824,1999-10-29,1969-01-01,961.9
825,2003-12-10,1969-01-01,961.0
826,2009-07-31,1969-01-01,960.9
827,2013-07-31,1969-01-01,995.4
828,2017-10-27,1969-01-01,995.419
829,2018-07-27,1969-01-01,993.337
830,1991-12-04,1969-04-01,951.1
831,1996-01-19,1969-04-01,973.7
832,1997-05-07,1969-04-01,974.1
834,1999-10-29,1969-04-01,977.0
835,2003-12-10,1969-04-01,976.3
836,2009-07-31,1969-04-01,976.1
837,2013-07-31,1969-04-01,1011.4
838,2017-10-27,1969-04-01,1011.3610000000001
839,2018-07-27,1969-04-01,1009.02
840,1991-12-04,1969-07-01,970.7
841,1996-01-19,1969-07-01,993.3
842,1997-05-07,1969-07-01,993.6
844,1999-10-29,1969-07-01,997.2
845,2003-12-10,1969-07-01,996.5
846,2009-07-31,1969-07-01,996.3
847,2013-07-31,1969-07-01,1032.0
848,2017-10-27,1969-07-01,1032.016
849,2018-07-27,1969-07-01,1029.9560000000001
850,1991-12-04,1969-10-01,978.8
851,1996-01-19,1969-10-01,1002.0
852,1997-05-07,1969-10-01,1001.0
854,1999-10-29,1969-10-01,1005.3
855,2003-12-10,1969-10-01,1004.6
856,2009-07-31,1969-10-01,1004.5
857,2013-07-31,1969-10-01,1040.7
858,2017-10-27,1969-10-01,1040.741
859,2018-07-27,1969-10-01,1038.147
860,1991-12-04,1970-01-01,989.5
861,1991-12-20,1970-01-01,989.7
862,1996-01-19,1970-01-01,1014.0
863,1997-05-07,1970-01-01,1013.9
865,1999-10-29,1970-01-01,1018.2
866,2003-12-10,1970-01-01,1017.3
867,2009-07-31,1970-01-01,1017.1
868,2013-07-31,1970-01-01,1053.5
869,2017-10-27,1970-01-01,1053.528
870,2018-07-27,1970-01-01,1051.2
871,1991-12-04,1970-04-01,1003.4
872,1991-12-20,1970-04-01,1003.8
873,1996-01-19,1970-04-01,1029.0
874,1997-05-07,1970-04-01,1029.5
876,1999-10-29,1970-04-01,1034.4
877,2003-12-10,1970-04-01,1033.2
878,2009-07-31,1970-04-01,1033.1
879,2013-07-31,1970-04-01,1070.1
880,2017-10-27,1970-04-01,1070.11
881,2018-07-27,1970-04-01,1067.375
882,1991-12-04,1970-07-01,1022.4
883,1991-12-20,1970-07-01,1022.8
884,1996-01-19,1970-07-01,1047.2
885,1997-05-07,1970-07-01,1047.8
887,1999-10-29,1970-07-01,1051.9
888,2003-12-10,1970-07-01,1050.7
889,2009-07-31,1970-07-01,1050.5
890,2013-07-31,1970-07-01,1088.5
891,2017-10-27,1970-07-01,1088.461
892,2018-07-27,1970-07-01,1086.059
893,1991-12-04,1970-10-01,1026.1
894,1991-12-20,1970-10-01,1026.4
895,1996-01-19,1970-10-01,1052.3
896,1997-05-07,1970-10-01,1051.3
898,1999-10-29,1970-10-01,1054.2
899,2003-12-10,1970-10-01,1052.9
900,2009-07-31,1970-10-01,1052.7
901,2013-07-31,1970-10-01,1091.5
902,2017-10-27,1970-10-01,1091.462
903,2018-07-27,1970-10-01,1088.608
904,1991-12-04,1971-01-01,1069.4
905,1991-12-20,1971-01-01,1069.8
906,1996-01-19,1971-01-01,1096.7
907,1997-05-07,1971-01-01,1096.8
909,1999-10-29,1971-01-01,1099.9
910,2003-12-10,1971-01-01,1098.3
911,2009-07-31,1971-01-01,1098.1
912,2013-07-31,1971-01-01,1137.8
913,2017-10-27,1971-01-01,1137.812
914,2018-07-27,1971-01-01,1135.156
915,1991-12-04,1971-04-01,1087.8
916,1991-12-20,1971-04-01,1088.2
917,1996-01-19,1971-04-01,1116.8
918,1997-05-07,1971-04-01,1117.7
920,1999-10-29,1971-04-01,1120.6
921,2003-12-10,1971-04-01,1119.1
922,2009-07-31,1971-04-01,1118.8
923,2013-07-31,1971-04-01,1159.4
924,2017-10-27,1971-04-01,1159.355
925,2018-07-27,1971-04-01,1156.271
926,1991-12-04,1971-07-01,1108.0
927,1991-12-20,1971-07-01,1108.4
928,1996-01-19,1971-07-01,1137.1
929,1997-05-07,1971-07-01,1137.3
931,1999-10-29,1971-07-01,1140.8
932,2003-12-10,1971-07-01,1139.3
933,2009-07-31,1971-07-01,1139.1
934,2013-07-31,1971-07-01,1180.3
935,2017-10-27,1971-07-01,1180.313
936,2018-07-27,1971-07-01,1177.675
937,1991-12-04,1971-10-01,1122.0
938,1991-12-20,1971-10-01,1122.3
939,1996-01-19,1971-10-01,1150.9
940,1997-05-07,1971-10-01,1149.8
942,1999-10-29,1971-10-01,1153.1
943,2003-12-10,1971-10-01,1151.7
944,2009-07-31,1971-10-01,1151.4
945,2013-07-31,1971-10-01,1193.6
946,2017-10-27,1971-10-01,1193.585
947,2018-07-27,1971-10-01,1190.297
948,1991-12-04,1972-01-01,1160.5
949,1991-12-20,1972-01-01,1160.9
950,1996-01-19,1972-01-01,1190.1
951,1997-05-07,1972-01-01,1190.2
953,1999-10-29,1972-01-01,1192.5
954,2003-12-10,1972-01-01,1190.6
955,2009-07-31,1972-01-01,1190.1
956,2013-07-31,1972-01-01,1233.8
957,2017-10-27,1972-01-01,1233.807
958,2018-07-27,1972-01-01,1230.609
959,1991-12-04,1972-04-01,1192.1
960,1991-12-20,1972-04-01,1192.5
961,1996-01-19,1972-04-01,1223.5
962,1997-05-07,1972-04-01,1224.4
964,1999-10-29,1972-04-01,1227.5
965,2003-12-10,1972-04-01,1225.9
966,2009-07-31,1972-04-01,1225.6
967,2013-07-31,1972-04-01,1270.1
968,2017-10-27,1972-04-01,1270.122
969,2018-07-27,1972-04-01,1266.369
970,1991-12-04,1972-07-01,1217.3
971,1991-12-20,1972-07-01,1217.7
972,1996-01-19,1972-07-01,1247.6
973,1997-05-07,1972-07-01,1247.8
975,1999-10-29,1972-07-01,1252.0
976,2003-12-10,1972-07-01,1249.7
977,2009-07-31,1972-07-01,1249.3
978,2013-07-31,1972-07-01,1293.8
979,2017-10-27,1972-07-01,1293.837
980,2018-07-27,1972-07-01,1290.566
981,1991-12-04,1972-10-01,1256.2
982,1991-12-20,1972-10-01,1256.8
983,1996-01-19,1972-10-01,1287.9
984,1997-05-07,1972-10-01,1286.8
986,1999-10-29,1972-10-01,1289.7
987,2003-12-10,1972-10-01,1287.0
988,2009-07-31,1972-10-01,1286.6
989,2013-07-31,1972-10-01,1332.0
990,2017-10-27,1972-10-01,1332.023
991,2018-07-27,1972-10-01,1328.904
992,1991-12-04,1973-01-01,1303.8
993,1991-12-20,1973-01-01,1304.4
994,1996-01-19,1973-01-01,1337.2
995,1997-05-07,1973-01-01,1337.5
997,1999-10-29,1973-01-01,1338.4
998,2003-12-10,1973-01-01,1335.5
999,2009-07-31,1973-01-01,1335.1
1000,2013-07-31,1973-01-01,1380.7
1001,2017-10-27,1973-01-01,1380.68
1002,2018-07-27,1973-01-01,1377.49
1003,1991-12-04,1973-04-01,1333.9
1004,1991-12-20,1973-04-01,1334.5
1005,1996-01-19,1973-04-01,1367.7
1006,1997-05-07,1973-04-01,1369.4
1008,1999-10-29,1973-04-01,1374.4
1009,2003-12-10,1973-04-01,1371.9
1010,2009-07-31,1973-04-01,1371.5
1011,2013-07-31,1973-04-01,1417.6
1012,2017-10-27,1973-04-01,1417.595
1013,2018-07-27,1973-04-01,1413.8870000000002
1014,1991-12-04,1973-07-01,1357.8
1015,1991-12-20,1973-07-01,1358.4
1016,1996-01-19,1973-07-01,1390.5
1017,1997-05-07,1973-07-01,1391.4
1019,1999-10-29,1973-07-01,1394.1
1020,2003-12-10,1973-07-01,1391.2
1021,2009-07-31,1973-07-01,1390.7
1022,2013-07-31,1973-07-01,1436.8
1023,2017-10-27,1973-07-01,1436.8129999999999
1024,2018-07-27,1973-07-01,1433.838
1025,1991-12-04,1973-10-01,1400.7
1026,1991-12-20,1973-10-01,1401.2
1027,1996-01-19,1973-10-01,1435.3
1028,1997-05-07,1973-10-01,1432.3
1030,1999-10-29,1973-10-01,1435.3
1031,2003-12-10,1973-10-01,1432.3
1032,2009-07-31,1973-10-01,1431.8
1033,2013-07-31,1973-10-01,1479.1
1034,2017-10-27,1973-10-01,1479.069
1035,2018-07-27,1973-10-01,1476.289
1036,1991-12-04,1974-01-01,1410.4
1037,1991-12-20,1974-01-01,1410.9
1038,1996-01-19,1974-01-01,1446.6
1039,1997-05-07,1974-01-01,1446.5
1041,1999-10-29,1974-01-01,1450.0
1042,2003-12-10,1974-01-01,1447.0
1043,2009-07-31,1974-01-01,1446.5
1044,2013-07-31,1974-01-01,1494.7
1045,2017-10-27,1974-01-01,1494.654
1046,2018-07-27,1974-01-01,1491.2089999999998
1047,1991-12-04,1974-04-01,1443.5
1048,1991-12-20,1974-04-01,1444.1
1049,1996-01-19,1974-04-01,1480.2
1050,1997-05-07,1974-04-01,1482.5
1052,1999-10-29,1974-04-01,1487.6
1053,2003-12-10,1974-04-01,1485.3
1054,2009-07-31,1974-04-01,1484.8
1055,2013-07-31,1974-04-01,1534.2
1056,2017-10-27,1974-04-01,1534.22
1057,2018-07-27,1974-04-01,1530.056
1058,1991-12-04,1974-07-01,1473.9
1059,1991-12-20,1974-07-01,1474.7
1060,1996-01-19,1974-07-01,1510.9
1061,1997-05-07,1974-07-01,1511.7
1063,1999-10-29,1974-07-01,1514.8
1064,2003-12-10,1974-07-01,1514.2
1065,2009-07-31,1974-07-01,1513.7
1066,2013-07-31,1974-07-01,1563.4
1067,2017-10-27,1974-07-01,1563.396
1068,2018-07-27,1974-07-01,1560.026
1069,1991-12-04,1974-10-01,1504.0
1070,1991-12-20,1974-10-01,1504.8
1071,1996-01-19,1974-10-01,1549.7
1072,1997-05-07,1974-10-01,1546.8
1074,1999-10-29,1974-10-01,1551.6
1075,2003-12-10,1974-10-01,1553.4
1076,2009-07-31,1974-10-01,1552.8
1077,2013-07-31,1974-10-01,1603.0
1078,2017-10-27,1974-10-01,1603.004
1079,2018-07-27,1974-10-01,1599.6789999999999
1080,1991-12-04,1975-01-01,1512.7
1081,1991-12-20,1975-01-01,1513.6
1082,1996-01-19,1975-01-01,1559.6
1083,1997-05-07,1975-01-01,1560.3
1085,1999-10-29,1975-01-01,1567.2
1086,2003-12-10,1975-01-01,1570.0
1087,2009-07-31,1975-01-01,1569.4
1088,2013-07-31,1975-01-01,1619.6
1089,2017-10-27,1975-01-01,1619.5529999999999
1090,2018-07-27,1975-01-01,1616.116
1091,1991-12-04,1975-04-01,1551.2
1092,1991-12-20,1975-04-01,1552.1
1093,1996-01-19,1975-04-01,1596.4
1094,1997-05-07,1975-04-01,1597.8
1096,1999-10-29,1975-04-01,1603.1
1097,2003-12-10,1975-04-01,1605.6
1098,2009-07-31,1975-04-01,1605.0
1099,2013-07-31,1975-04-01,1656.4
1100,2017-10-27,1975-04-01,1656.4479999999999
1101,2018-07-27,1975-04-01,1651.8529999999998
1102,1991-12-04,1975-07-01,1613.3
1103,1991-12-20,1975-07-01,1614.4
1104,1996-01-19,1975-07-01,1657.3
1105,1997-05-07,1975-07-01,1657.1
1107,1999-10-29,1975-07-01,1659.9
1108,2003-12-10,1975-07-01,1663.1
1109,2009-07-31,1975-07-01,1662.4
1110,2013-07-31,1975-07-01,1713.8
1111,2017-10-27,1975-07-01,1713.8120000000001
1112,2018-07-27,1975-07-01,1709.82
1113,1991-12-04,1975-10-01,1662.1
1114,1991-12-20,1975-10-01,1663.3
1115,1996-01-19,1975-10-01,1709.1
1116,1997-05-07,1975-10-01,1707.3
1118,1999-10-29,1975-10-01,1710.5
1119,2003-12-10,1975-10-01,1714.6
1120,2009-07-31,1975-10-01,1713.9
1121,2013-07-31,1975-10-01,1765.9
1122,2017-10-27,1975-10-01,1765.8670000000002
1123,2018-07-27,1975-10-01,1761.8310000000001
1124,1991-12-04,1976-01-01,1716.5
1125,1991-12-20,1976-01-01,1717.8
1126,1996-01-19,1976-01-01,1767.4
1127,1997-05-07,1976-01-01,1767.3
1129,1999-10-29,1976-01-01,1770.3
1130,2003-12-10,1976-01-01,1772.6
1131,2009-07-31,1976-01-01,1771.9
1132,2013-07-31,1976-01-01,1824.5
1133,2017-10-27,1976-01-01,1824.509
1134,2018-07-27,1976-01-01,1820.487
1135,1991-12-04,1976-04-01,1745.1
1136,1991-12-20,1976-04-01,1746.4
1137,1996-01-19,1976-04-01,1797.1
1138,1997-05-07,1976-04-01,1797.9
1140,1999-10-29,1976-04-01,1803.1
1141,2003-12-10,1976-04-01,1804.9
1142,2009-07-31,1976-04-01,1804.2
1143,2013-07-31,1976-04-01,1856.9
1144,2017-10-27,1976-04-01,1856.944
1145,2018-07-27,1976-04-01,1852.332
1146,1991-12-04,1976-07-01,1778.5
1147,1991-12-20,1976-07-01,1779.9
1148,1996-01-19,1976-07-01,1830.5
1149,1997-05-07,1976-07-01,1830.4
1151,1999-10-29,1976-07-01,1837.0
1152,2003-12-10,1976-07-01,1838.3
1153,2009-07-31,1976-07-01,1837.7
1154,2013-07-31,1976-07-01,1890.5
1155,2018-07-27,1976-07-01,1886.558
1156,1991-12-04,1976-10-01,1828.1
1157,1991-12-20,1976-10-01,1829.6
1158,1996-01-19,1976-10-01,1880.8
1159,1997-05-07,1976-10-01,1880.3
1161,1999-10-29,1976-10-01,1885.3
1162,2009-07-31,1976-10-01,1884.5
1163,2013-07-31,1976-10-01,1938.4
1164,2017-10-27,1976-10-01,1938.4129999999998
1165,2018-07-27,1976-10-01,1934.273
1166,1991-12-04,1977-01-01,1881.7
1167,1996-01-19,1977-01-01,1933.4
1168,1997-05-07,1977-01-01,1934.4
1170,1999-10-29,1977-01-01,1939.1
1171,2003-12-10,1977-01-01,1939.3
1172,2009-07-31,1977-01-01,1938.5
1173,2013-07-31,1977-01-01,1992.5
1174,2017-10-27,1977-01-01,1992.5339999999999
1175,2018-07-27,1977-01-01,1988.648
1176,1991-12-04,1977-04-01,1952.9
1177,1996-01-19,1977-04-01,2005.3
1178,1997-05-07,1977-04-01,2005.1
1180,1999-10-29,1977-04-01,2006.6
1181,2003-12-10,1977-04-01,2006.0
1182,2009-07-31,1977-04-01,2005.2
1183,2013-07-31,1977-04-01,2060.2
1184,2017-10-27,1977-04-01,2060.165
1185,2018-07-27,1977-04-01,2055.909
1186,1991-12-04,1977-07-01,2015.1
1187,1996-01-19,1977-07-01,2067.5
1188,1997-05-07,1977-07-01,2063.2
1190,1999-10-29,1977-07-01,2067.5
1191,2003-12-10,1977-07-01,2066.8
1192,2009-07-31,1977-07-01,2066.0
1193,2013-07-31,1977-07-01,2122.4
1194,2017-10-27,1977-07-01,2122.387
1195,2018-07-27,1977-07-01,2118.473
1196,1991-12-04,1977-10-01,2046.8
1197,1996-01-19,1977-10-01,2101.2
1198,1997-05-07,1977-10-01,2104.7
1200,1999-10-29,1977-10-01,2112.4
1201,2003-12-10,1977-10-01,2111.6
1202,2009-07-31,1977-10-01,2110.8
1203,2013-07-31,1977-10-01,2168.7
1204,2017-10-27,1977-10-01,2168.716
1205,2018-07-27,1977-10-01,2164.27
1206,1991-12-04,1978-01-01,2090.2
1207,1996-01-19,1978-01-01,2144.4
1208,1997-05-07,1978-01-01,2147.7
1210,1999-10-29,1978-01-01,2150.4
1211,2003-12-10,1978-01-01,2150.0
1212,2009-07-31,1978-01-01,2149.1
1213,2013-07-31,1978-01-01,2208.7
1214,2017-10-27,1978-01-01,2208.688
1215,2018-07-27,1978-01-01,2202.76
1216,1991-12-04,1978-04-01,2213.9
1217,1996-01-19,1978-04-01,2274.6
1218,1997-05-07,1978-04-01,2273.7
1220,1999-10-29,1978-04-01,2276.6
1221,2003-12-10,1978-04-01,2275.6
1222,2009-07-31,1978-04-01,2274.7
1223,2013-07-31,1978-04-01,2336.6
1224,2017-10-27,1978-04-01,2336.563
1225,2018-07-27,1978-04-01,2331.633
1226,1991-12-04,1978-07-01,2274.7
1227,1996-01-19,1978-07-01,2334.8
1228,1997-05-07,1978-07-01,2333.9
1230,1999-10-29,1978-07-01,2338.5
1231,2003-12-10,1978-07-01,2336.2
1232,2009-07-31,1978-07-01,2335.2
1233,2013-07-31,1978-07-01,2398.9
1234,2017-10-27,1978-07-01,2398.866
1235,2018-07-27,1978-07-01,2395.053
1236,1991-12-04,1978-10-01,2352.0
1237,1996-01-19,1978-10-01,2411.7
1238,1997-05-07,1978-10-01,2410.2
1240,1999-10-29,1978-10-01,2418.0
1241,2003-12-10,1978-10-01,2417.0
1242,2009-07-31,1978-10-01,2416.0
1243,2013-07-31,1978-10-01,2482.2
1244,2017-10-27,1978-10-01,2482.159
1245,2018-07-27,1978-10-01,2476.949
1246,1991-12-04,1979-01-01,2399.2
1247,1996-01-19,1979-01-01,2464.9
1248,1997-05-07,1979-01-01,2464.5
1250,1999-10-29,1979-01-01,2470.9
1251,2003-12-10,1979-01-01,2464.4
1252,2009-07-31,1979-01-01,2463.3
1253,2013-07-31,1979-01-01,2531.6
1254,2017-10-27,1979-01-01,2531.555
1255,2018-07-27,1979-01-01,2526.61
1256,1991-12-04,1979-04-01,2453.3
1257,1996-01-19,1979-04-01,2522.4
1258,1997-05-07,1979-04-01,2522.3
1260,1999-10-29,1979-04-01,2529.3
1261,2003-12-10,1979-04-01,2527.6
1262,2009-07-31,1979-04-01,2526.4
1263,2013-07-31,1979-04-01,2595.9
1264,2017-10-27,1979-04-01,2595.909
1265,2018-07-27,1979-04-01,2591.2470000000003
1266,1991-12-04,1979-07-01,2523.3
1267,1996-01-19,1979-07-01,2592.6
1268,1997-05-07,1979-07-01,2592.8
1270,1999-10-29,1979-07-01,2601.5
1271,2003-12-10,1979-07-01,2600.7
1272,2009-07-31,1979-07-01,2599.7
1273,2013-07-31,1979-07-01,2670.4
1274,2017-10-27,1979-07-01,2670.388
1275,2018-07-27,1979-07-01,2667.565
1276,1991-12-04,1979-10-01,2578.8
1277,1996-01-19,1979-10-01,2650.1
1278,1997-05-07,1979-10-01,2650.4
1280,1999-10-29,1979-10-01,2663.8
1281,2003-12-10,1979-10-01,2660.5
1282,2009-07-31,1979-10-01,2659.4
1283,2013-07-31,1979-10-01,2730.7
1284,2017-10-27,1979-10-01,2730.705
1285,2018-07-27,1979-10-01,2723.883
1286,1991-12-04,1980-01-01,2650.1
1287,1996-01-19,1980-01-01,2722.9
1288,1997-05-07,1980-01-01,2722.3
1290,1999-10-29,1980-01-01,2732.9
1291,2003-12-10,1980-01-01,2725.3
1292,2009-07-31,1980-01-01,2724.1
1293,2013-07-31,1980-01-01,2796.5
1294,2017-10-27,1980-01-01,2796.5229999999997
1295,2018-07-27,1980-01-01,2789.842
1296,1991-12-04,1980-04-01,2643.9
1297,1996-01-19,1980-04-01,2719.4
1299,1999-10-29,1980-04-01,2736.9
1300,2003-12-10,1980-04-01,2729.3
1301,2009-07-31,1980-04-01,2728.0
1302,2013-07-31,1980-04-01,2799.9
1303,2017-10-27,1980-04-01,2799.938
1304,2018-07-27,1980-04-01,2797.3520000000003
1305,1991-12-04,1980-07-01,2705.3
1306,1996-01-19,1980-07-01,2783.2
1307,1997-05-07,1980-07-01,2783.4
1309,1999-10-29,1980-07-01,2793.6
1310,2003-12-10,1980-07-01,2786.6
1311,2009-07-31,1980-07-01,2785.2
1312,2013-07-31,1980-07-01,2860.0
1313,2017-10-27,1980-07-01,2860.0440000000003
1314,2018-07-27,1980-07-01,2856.4829999999997
1315,1991-12-04,1980-10-01,2832.9
1316,1996-01-19,1980-10-01,2911.6
1317,1997-05-07,1980-10-01,2911.8
1319,1999-10-29,1980-10-01,2918.8
1320,2003-12-10,1980-10-01,2916.9
1321,2009-07-31,1980-10-01,2915.3
1322,2013-07-31,1980-10-01,2993.5
1323,2017-10-27,1980-10-01,2993.525
1324,2018-07-27,1980-10-01,2985.5570000000002
1325,1991-12-04,1981-01-01,2953.5
1326,1996-01-19,1981-01-01,3043.2
1327,1997-05-07,1981-01-01,3040.2
1329,1999-10-29,1981-01-01,3052.6
1330,2003-12-10,1981-01-01,3052.7
1331,2009-07-31,1981-01-01,3051.4
1332,2013-07-31,1981-01-01,3131.8
1333,2017-10-27,1981-01-01,3131.7990000000004
1334,2018-07-27,1981-01-01,3124.2059999999997
1335,1991-12-04,1981-04-01,2993.0
1336,1996-01-19,1981-04-01,3073.3
1337,1997-05-07,1981-04-01,3070.3
1339,1999-10-29,1981-04-01,3086.2
1340,2003-12-10,1981-04-01,3085.9
1341,2009-07-31,1981-04-01,3084.3
1342,2013-07-31,1981-04-01,3167.2
1343,2014-07-30,1981-04-01,3167.3
1344,2017-10-27,1981-04-01,3167.2509999999997
1345,2018-07-27,1981-04-01,3162.532
1346,1991-12-04,1981-07-01,3079.6
1347,1996-01-19,1981-07-01,3163.2
1348,1997-05-07,1981-07-01,3167.7
1350,1999-10-29,1981-07-01,3183.5
1351,2003-12-10,1981-07-01,3178.7
1352,2009-07-31,1981-07-01,3177.0
1353,2013-07-31,1981-07-01,3261.2
1354,2017-10-27,1981-07-01,3261.203
1355,2018-07-27,1981-07-01,3260.6090000000004
1356,1991-12-04,1981-10-01,3096.3
1357,1996-01-19,1981-10-01,3183.9
1358,1997-05-07,1981-10-01,3185.5
1360,1999-10-29,1981-10-01,3203.1
1361,2003-12-10,1981-10-01,3196.4
1362,2009-07-31,1981-10-01,3194.7
1363,2013-07-31,1981-10-01,3283.5
1364,2017-10-27,1981-10-01,3283.5359999999996
1365,2018-07-27,1981-10-01,3280.8179999999998
1366,1991-12-04,1982-01-01,3092.9
1367,1996-01-19,1982-01-01,3179.6
1368,1997-05-07,1982-01-01,3178.6
1370,1999-10-29,1982-01-01,3193.8
1371,2003-12-10,1982-01-01,3186.8
1372,2009-07-31,1982-01-01,3184.9
1373,2013-07-31,1982-01-01,3273.8
1374,2017-10-27,1982-01-01,3273.809
1375,2018-07-27,1982-01-01,3274.302
1376,1991-12-04,1982-04-01,3146.2
1377,1996-01-19,1982-04-01,3234.7
1378,1997-05-07,1982-04-01,3231.6
1380,1999-10-29,1982-04-01,3248.9
1381,2003-12-10,1982-04-01,3242.7
1382,2009-07-31,1982-04-01,3240.9
1383,2013-07-31,1982-04-01,3331.3
1384,2017-10-27,1982-04-01,3331.281
1385,2018-07-27,1982-04-01,3331.972
1386,1991-12-04,1982-07-01,3164.2
1387,1996-01-19,1982-07-01,3258.5
1388,1997-05-07,1982-07-01,3259.1
1390,1999-10-29,1982-07-01,3278.6
1391,2003-12-10,1982-07-01,3276.2
1392,2009-07-31,1982-07-01,3274.4
1393,2013-07-31,1982-07-01,3367.1
1394,2017-10-27,1982-07-01,3367.072
1395,2018-07-27,1982-07-01,3366.322
1396,1991-12-04,1982-10-01,3195.1
1397,1996-01-19,1982-10-01,3295.5
1398,1997-05-07,1982-10-01,3299.1
1400,1999-10-29,1982-10-01,3315.6
1401,2003-12-10,1982-10-01,3314.4
1402,2009-07-31,1982-10-01,3312.5
1403,2013-07-31,1982-10-01,3407.8
1404,2017-10-27,1982-10-01,3407.81
1405,2018-07-27,1982-10-01,3402.5609999999997
1406,1991-12-04,1983-01-01,3254.9
1407,1996-01-19,1983-01-01,3359.5
1408,1997-05-07,1983-01-01,3361.0
1410,1999-10-29,1983-01-01,3378.5
1411,2003-12-10,1983-01-01,3382.9
1412,2009-07-31,1983-01-01,3381.0
1413,2013-07-31,1983-01-01,3480.3
1414,2017-10-27,1983-01-01,3480.321
1415,2018-07-27,1983-01-01,3473.413
1416,1991-12-04,1983-04-01,3367.1
1417,1996-01-19,1983-04-01,3469.4
1418,1997-05-07,1983-04-01,3469.2
1420,1999-10-29,1983-04-01,3489.6
1421,2003-12-10,1983-04-01,3484.1
1422,2009-07-31,1983-04-01,3482.2
1423,2013-07-31,1983-04-01,3583.8
1424,2017-10-27,1983-04-01,3583.844
1425,2018-07-27,1983-04-01,3578.848
1426,1991-12-04,1983-07-01,3450.9
1427,1996-01-19,1983-07-01,3563.8
1428,1997-05-07,1983-07-01,3563.3
1430,1999-10-29,1983-07-01,3582.9
1431,2003-12-10,1983-07-01,3589.3
1432,2009-07-31,1983-07-01,3587.1
1433,2013-07-31,1983-07-01,3692.3
1434,2017-10-27,1983-07-01,3692.257
1435,2018-07-27,1983-07-01,3689.179
1436,1991-12-04,1983-10-01,3547.3
1437,1996-01-19,1983-10-01,3665.4
1438,1997-05-07,1983-10-01,3664.6
1440,1999-10-29,1983-10-01,3688.8
1441,2003-12-10,1983-10-01,3690.4
1442,2009-07-31,1983-10-01,3688.1
1443,2013-07-31,1983-10-01,3796.1
1444,2017-10-27,1983-10-01,3796.1209999999996
1445,2018-07-27,1983-10-01,3794.7059999999997
1446,1991-12-04,1984-01-01,3666.9
1447,1996-01-19,1984-01-01,3792.8
1448,1997-05-07,1984-01-01,3791.1
1450,1999-10-29,1984-01-01,3813.4
1451,2003-12-10,1984-01-01,3809.6
1452,2009-07-31,1984-01-01,3807.4
1453,2013-07-31,1984-01-01,3912.8
1454,2017-10-27,1984-01-01,3912.7740000000003
1455,2018-07-27,1984-01-01,3908.054
1456,1991-12-04,1984-04-01,3754.6
1457,1996-01-19,1984-04-01,3879.2
1458,1997-05-07,1984-04-01,3879.7
1460,1999-10-29,1984-04-01,3909.4
1461,2003-12-10,1984-04-01,3908.6
1462,2009-07-31,1984-04-01,3906.3
1463,2013-07-31,1984-04-01,4015.0
1464,2018-07-27,1984-04-01,4009.6009999999997
1465,1991-12-04,1984-07-01,3818.2
1466,1996-01-19,1984-07-01,3943.3
1467,1997-05-07,1984-07-01,3942.2
1469,1999-10-29,1984-07-01,3974.7
1470,2003-12-10,1984-07-01,3978.2
1471,2009-07-31,1984-07-01,3976.0
1472,2013-07-31,1984-07-01,4087.4
1473,2017-10-27,1984-07-01,4087.3779999999997
1474,2018-07-27,1984-07-01,4084.25
1475,1991-12-04,1984-10-01,3869.1
1476,1996-01-19,1984-10-01,3994.4
1477,1997-05-07,1984-10-01,3996.7
1479,1999-10-29,1984-10-01,4033.5
1480,2003-12-10,1984-10-01,4036.3
1481,2009-07-31,1984-10-01,4034.0
1482,2013-07-31,1984-10-01,4147.6
1483,2017-10-27,1984-10-01,4147.606
1484,2018-07-27,1984-10-01,4148.5509999999995
1485,1991-12-04,1985-01-01,3940.0
1486,1996-01-19,1985-01-01,4080.3
1487,1997-05-07,1985-01-01,4081.2
1489,1999-10-29,1985-01-01,4109.7
1490,2003-12-10,1985-01-01,4119.5
1491,2009-07-31,1985-01-01,4117.2
1492,2013-07-31,1985-01-01,4237.0
1493,2017-10-27,1985-01-01,4237.01
1494,2018-07-27,1985-01-01,4230.168
1495,1991-12-04,1985-04-01,3997.5
1496,1996-01-19,1985-04-01,4135.4
1497,1997-05-07,1985-04-01,4134.8
1499,1999-10-29,1985-04-01,4170.1
1500,2003-12-10,1985-04-01,4178.4
1501,2009-07-31,1985-04-01,4175.7
1502,2013-07-31,1985-04-01,4302.3
1503,2017-10-27,1985-04-01,4302.2970000000005
1504,2018-07-27,1985-04-01,4294.887
1505,1991-12-04,1985-07-01,4076.9
1506,1996-01-19,1985-07-01,4221.9
1507,1997-05-07,1985-07-01,4221.4
1509,1999-10-29,1985-07-01,4252.9
1510,2003-12-10,1985-07-01,4261.3
1511,2009-07-31,1985-07-01,4258.3
1512,2013-07-31,1985-07-01,4394.6
1513,2017-10-27,1985-07-01,4394.563
1514,2018-07-27,1985-07-01,4386.773
1515,1991-12-04,1985-10-01,4140.5
1516,1996-01-19,1985-10-01,4285.1
1517,1997-05-07,1985-10-01,4285.3
1519,1999-10-29,1985-10-01,4319.3
1520,2003-12-10,1985-10-01,4321.8
1521,2009-07-31,1985-10-01,4318.7
1522,2013-07-31,1985-10-01,4453.1
1523,2017-10-27,1985-10-01,4453.105
1524,2018-07-27,1985-10-01,4444.094
1525,1991-12-04,1986-01-01,4215.7
1526,1996-01-19,1986-01-01,4358.2
1528,1999-10-29,1986-01-01,4375.3
1529,2003-12-10,1986-01-01,4385.6
1530,2009-07-31,1986-01-01,4382.4
1531,2013-07-31,1986-01-01,4516.3
1532,2017-10-27,1986-01-01,4516.344
1533,2018-07-27,1986-01-01,4507.894
1534,1991-12-04,1986-04-01,4232.0
1535,1996-01-19,1986-04-01,4386.7
1536,1997-05-07,1986-04-01,4385.6
1538,1999-10-29,1986-04-01,4415.2
1539,2003-12-10,1986-04-01,4425.7
1540,2009-07-31,1986-04-01,4423.2
1541,2013-07-31,1986-04-01,4555.2
1542,2017-10-27,1986-04-01,4555.245
1543,2018-07-27,1986-04-01,4545.34
1544,1991-12-04,1986-07-01,4290.2
1545,1996-01-19,1986-07-01,4442.4
1546,1997-05-07,1986-07-01,4443.3
1548,1999-10-29,1986-07-01,4483.4
1549,2003-12-10,1986-07-01,4493.9
1550,2009-07-31,1986-07-01,4491.3
1551,2013-07-31,1986-07-01,4619.6
1552,2017-10-27,1986-07-01,4619.627
1553,2018-07-27,1986-07-01,4607.669
1554,1991-12-04,1986-10-01,4336.6
1555,1996-01-19,1986-10-01,4501.4
1556,1997-05-07,1986-10-01,4501.7
1558,1999-10-29,1986-10-01,4537.5
1559,2003-12-10,1986-10-01,4546.1
1560,2009-07-31,1986-10-01,4543.3
1561,2013-07-31,1986-10-01,4669.4
1562,2017-10-27,1986-10-01,4669.396
1563,2018-07-27,1986-10-01,4657.627
1564,1991-12-04,1987-01-01,4408.3
1565,1996-01-19,1987-01-01,4565.6
1566,1997-05-07,1987-01-01,4565.7
1568,1999-10-29,1987-01-01,4612.3
1569,2003-12-10,1987-01-01,4613.8
1570,2009-07-31,1987-01-01,4611.1
1571,2013-07-31,1987-01-01,4736.2
1572,2017-10-27,1987-01-01,4736.231
1573,2018-07-27,1987-01-01,4722.156
1574,1991-12-04,1987-04-01,4494.9
1575,1996-01-19,1987-04-01,4644.9
1576,1997-05-07,1987-04-01,4645.1
1578,1999-10-29,1987-04-01,4695.8
1579,2003-12-10,1987-04-01,4690.0
1580,2009-07-31,1987-04-01,4686.7
1581,2013-07-31,1987-04-01,4821.4
1582,2014-07-30,1987-04-01,4821.5
1583,2017-10-27,1987-04-01,4821.459
1584,2018-07-27,1987-04-01,4806.16
1585,1991-12-04,1987-07-01,4573.5
1586,1996-01-19,1987-07-01,4722.6
1588,1999-10-29,1987-07-01,4770.2
1589,2003-12-10,1987-07-01,4767.8
1590,2009-07-31,1987-07-01,4764.5
1591,2013-07-31,1987-07-01,4900.5
1592,2017-10-27,1987-07-01,4900.509
1593,2018-07-27,1987-07-01,4884.555
1594,1991-12-04,1987-10-01,4683.0
1595,1996-01-19,1987-10-01,4836.2
1596,1997-05-07,1987-10-01,4835.9
1598,1999-10-29,1987-10-01,4891.6
1599,2003-12-10,1987-10-01,4886.3
1600,2009-07-31,1987-10-01,4883.1
1601,2013-07-31,1987-10-01,5022.7
1602,2017-10-27,1987-10-01,5022.67
1603,2018-07-27,1987-10-01,5007.994000000001
1604,1991-12-04,1988-01-01,4752.4
1605,1996-01-19,1988-01-01,4898.5
1606,1997-05-07,1988-01-01,4898.2
1608,1999-10-29,1988-01-01,4957.0
1609,2003-12-10,1988-01-01,4951.9
1610,2009-07-31,1988-01-01,4948.6
1611,2013-07-31,1988-01-01,5090.6
1612,2017-10-27,1988-01-01,5090.615
1613,2018-07-27,1988-01-01,5073.372
1614,1991-12-04,1988-04-01,4857.2
1615,1996-01-19,1988-04-01,5000.5
1616,1997-05-07,1988-04-01,5000.4
1618,1999-10-29,1988-04-01,5066.5
1619,2003-12-10,1988-04-01,5062.8
1620,2009-07-31,1988-04-01,5059.3
1621,2013-07-31,1988-04-01,5207.7
1622,2017-10-27,1988-04-01,5207.707
1623,2018-07-27,1988-04-01,5190.036
1624,1991-12-04,1988-07-01,4947.3
1625,1996-01-19,1988-07-01,5094.5
1627,1999-10-29,1988-07-01,5151.5
1628,2003-12-10,1988-07-01,5146.6
1629,2009-07-31,1988-07-01,5142.8
1630,2013-07-31,1988-07-01,5299.5
1631,2017-10-27,1988-07-01,5299.486
1632,2018-07-27,1988-07-01,5282.835
1633,1991-12-04,1988-10-01,5044.6
1634,1996-01-19,1988-10-01,5204.9
1635,1997-05-07,1988-10-01,5205.3
1637,1999-10-29,1988-10-01,5258.3
1638,2003-12-10,1988-10-01,5253.7
1639,2009-07-31,1988-10-01,5251.0
1640,2013-07-31,1988-10-01,5412.7
1641,2017-10-27,1988-10-01,5412.713000000001
1642,2018-07-27,1988-10-01,5399.509
1643,1991-12-04,1989-01-01,5139.9
1644,1992-07-30,1989-01-01,5150.0
1645,1996-01-19,1989-01-01,5316.9
1646,1997-05-07,1989-01-01,5316.8
1648,1999-10-29,1989-01-01,5379.0
1649,2003-12-10,1989-01-01,5367.1
1650,2009-07-31,1989-01-01,5360.3
1651,2013-07-31,1989-01-01,5527.3
1652,2014-07-30,1989-01-01,5527.4
1653,2017-10-27,1989-01-01,5527.352
1654,2018-07-27,1989-01-01,5511.253000000001
1655,1991-12-04,1989-04-01,5218.5
1656,1992-07-30,1989-04-01,5229.5
1657,1996-01-19,1989-04-01,5413.1
1658,1997-05-07,1989-04-01,5413.2
1660,1999-10-29,1989-04-01,5461.7
1661,2003-12-10,1989-04-01,5454.1
1662,2009-07-31,1989-04-01,5453.6
1663,2013-07-31,1989-04-01,5628.4
1664,2017-10-27,1989-04-01,5628.429
1665,2018-07-27,1989-04-01,5612.463000000001
1666,1991-12-04,1989-07-01,5277.3
1667,1992-07-30,1989-07-01,5278.9
1668,1996-01-19,1989-07-01,5486.8
1669,1997-05-07,1989-07-01,5486.9
1671,1999-10-29,1989-07-01,5527.5
1672,2003-12-10,1989-07-01,5531.9
1673,2009-07-31,1989-07-01,5532.9
1674,2013-07-31,1989-07-01,5711.5
1675,2014-07-30,1989-07-01,5711.6
1676,2017-10-27,1989-07-01,5711.556
1677,2018-07-27,1989-07-01,5695.365
1678,1991-12-04,1989-10-01,5340.4
1679,1992-07-30,1989-10-01,5344.8
1680,1996-01-19,1989-10-01,5537.9
1681,1997-05-07,1989-10-01,5537.8
1683,1999-10-29,1989-10-01,5588.0
1684,2003-12-10,1989-10-01,5584.3
1685,2009-07-31,1989-10-01,5581.7
1686,2013-07-31,1989-10-01,5763.4
1687,2017-10-27,1989-10-01,5763.444
1688,2018-07-27,1989-10-01,5747.236999999999
1689,1991-12-04,1990-01-01,5422.4
1690,1992-07-30,1990-01-01,5445.2
1691,1993-08-31,1990-01-01,5461.9
1692,1996-01-19,1990-01-01,5660.4
1693,1997-05-07,1990-01-01,5660.6
1695,1999-10-29,1990-01-01,5720.8
1696,2003-12-10,1990-01-01,5716.4
1697,2009-07-31,1990-01-01,5708.1
1698,2013-07-31,1990-01-01,5890.8
1699,2017-10-27,1990-01-01,5890.835
1700,2018-07-27,1990-01-01,5872.701
1701,1991-12-04,1990-04-01,5504.7
1702,1992-07-30,1990-04-01,5522.6
1703,1993-08-31,1990-04-01,5540.9
1704,1996-01-19,1990-04-01,5751.0
1705,1997-05-07,1990-04-01,5750.8
1707,1999-10-29,1990-04-01,5800.0
1708,2003-12-10,1990-04-01,5797.7
1709,2009-07-31,1990-04-01,5797.4
1710,2013-07-31,1990-04-01,5974.6
1711,2014-07-30,1990-04-01,5974.7
1712,2017-10-27,1990-04-01,5974.665
1713,2018-07-27,1990-04-01,5960.028
1714,1991-12-04,1990-07-01,5570.5
1715,1992-07-30,1990-07-01,5559.6
1716,1993-08-31,1990-07-01,5583.8
1717,1996-01-19,1990-07-01,5782.4
1718,1997-05-07,1990-07-01,5782.2
1720,1999-10-29,1990-07-01,5844.9
1721,2003-12-10,1990-07-01,5849.4
1722,2009-07-31,1990-07-01,5850.6
1723,2013-07-31,1990-07-01,6029.5
1724,2017-10-27,1990-07-01,6029.504
1725,2018-07-27,1990-07-01,6015.116
1726,1991-12-04,1990-10-01,5557.5
1727,1992-07-30,1990-10-01,5561.3
1728,1993-08-31,1990-10-01,5597.9
1729,1996-01-19,1990-10-01,5781.5
1730,1997-05-07,1990-10-01,5781.7
1732,1999-10-29,1990-10-01,5847.3
1733,2003-12-10,1990-10-01,5848.8
1734,2009-07-31,1990-10-01,5846.0
1735,2013-07-31,1990-10-01,6023.3
1736,2017-10-27,1990-10-01,6023.331999999999
1737,2018-07-27,1990-10-01,6004.733
1738,1991-12-04,1991-01-01,5589.0
1739,1992-07-30,1991-01-01,5585.8
1740,1993-08-31,1991-01-01,5631.7
1741,1994-07-29,1991-01-01,5636.8
1742,1996-01-19,1991-01-01,5822.1
1743,1997-05-07,1991-01-01,5821.9
1745,1999-10-29,1991-01-01,5886.3
1746,2003-12-10,1991-01-01,5888.0
1747,2009-07-31,1991-01-01,5880.2
1748,2013-07-31,1991-01-01,6054.8
1749,2014-07-30,1991-01-01,6054.9
1750,2017-10-27,1991-01-01,6054.866999999999
1751,2018-07-27,1991-01-01,6035.178000000001
1752,1991-12-04,1991-04-01,5652.6
1753,1992-07-30,1991-04-01,5657.6
1754,1993-08-31,1991-04-01,5697.7
1755,1994-07-29,1991-04-01,5705.9
1756,1996-01-19,1991-04-01,5892.3
1757,1997-05-07,1991-04-01,5892.5
1759,1999-10-29,1991-04-01,5962.0
1760,2003-12-10,1991-04-01,5964.3
1761,2009-07-31,1991-04-01,5962.0
1762,2013-07-31,1991-04-01,6143.6
1763,2017-10-27,1991-04-01,6143.611999999999
1764,2018-07-27,1991-04-01,6126.861999999999
1765,1991-12-04,1991-07-01,5707.4
1766,1991-12-20,1991-07-01,5709.2
1767,1992-07-30,1991-07-01,5713.1
1768,1993-08-31,1991-07-01,5758.6
1769,1994-07-29,1991-07-01,5759.9
1770,1996-01-19,1991-07-01,5950.0
1771,1997-05-07,1991-07-01,5950.2
1773,1999-10-29,1991-07-01,6015.9
1774,2003-12-10,1991-07-01,6035.6
1775,2009-07-31,1991-07-01,6033.7
1776,2013-07-31,1991-07-01,6218.4
1777,2017-10-27,1991-07-01,6218.425
1778,2018-07-27,1991-07-01,6205.937
1779,1992-01-29,1991-10-01,5736.6
1780,1992-02-28,1991-10-01,5746.7
1781,1992-03-26,1991-10-01,5739.7
1782,1992-07-30,1991-10-01,5753.3
1783,1993-08-31,1991-10-01,5803.7
1784,1994-07-29,1991-10-01,5796.6
1785,1996-01-19,1991-10-01,6002.3
1786,1997-05-07,1991-10-01,6002.1
1788,1999-10-29,1991-10-01,6080.7
1789,2003-12-10,1991-10-01,6095.8
1790,2009-07-31,1991-10-01,6092.5
1791,2013-07-31,1991-10-01,6279.3
1792,2017-10-27,1991-10-01,6279.295999999999
1793,2018-07-27,1991-10-01,6264.54
1794,1992-04-28,1992-01-01,5809.3
1795,1992-05-29,1992-01-01,5817.5
1796,1992-06-25,1992-01-01,5820.6
1797,1992-07-30,1992-01-01,5840.2
1798,1993-08-31,1992-01-01,5908.7
1799,1994-07-29,1992-01-01,5896.8
1800,1996-01-19,1992-01-01,6121.8
1802,1999-10-29,1992-01-01,6183.6
1803,2003-12-10,1992-01-01,6196.1
1804,2009-07-31,1992-01-01,6190.7
1805,2013-07-31,1992-01-01,6380.8
1806,2017-10-27,1992-01-01,6380.798000000001
1807,2018-07-27,1992-01-01,6363.102
1808,1992-07-30,1992-04-01,5893.6
1809,1992-08-27,1992-04-01,5898.6
1810,1992-09-24,1992-04-01,5902.2
1811,1993-08-31,1992-04-01,5991.4
1812,1994-07-29,1992-04-01,5971.3
1813,1996-01-19,1992-04-01,6201.2
1815,1999-10-29,1992-04-01,6276.6
1816,2003-12-10,1992-04-01,6290.1
1817,2009-07-31,1992-04-01,6295.2
1818,2013-07-31,1992-04-01,6492.3
1819,2017-10-27,1992-04-01,6492.299
1820,2018-07-27,1992-04-01,6470.763000000001
1821,1992-10-27,1992-07-01,5967.1
1822,1992-11-25,1992-07-01,5982.5
1823,1992-12-22,1992-07-01,5978.5
1824,1993-08-31,1992-07-01,6059.5
1825,1994-07-29,1992-07-01,6043.6
1826,1996-01-19,1992-07-01,6271.7
1828,1999-10-29,1992-07-01,6345.8
1829,2003-12-10,1992-07-01,6380.5
1830,2009-07-31,1992-07-01,6389.7
1831,2013-07-31,1992-07-01,6586.5
1832,2017-10-27,1992-07-01,6586.548000000001
1833,2018-07-27,1992-07-01,6566.641
1834,1993-01-28,1992-10-01,6061.9
1835,1993-02-26,1992-10-01,6082.1
1836,1993-03-26,1992-10-01,6081.8
1837,1993-08-31,1992-10-01,6194.4
1838,1994-07-29,1992-10-01,6169.3
1839,1996-01-19,1992-10-01,6383.0
1840,1997-05-07,1992-10-01,6383.1
1842,1999-10-29,1992-10-01,6469.8
1843,2003-12-10,1992-10-01,6484.3
1844,2009-07-31,1992-10-01,6493.6
1845,2013-07-31,1992-10-01,6697.5
1846,2014-07-30,1992-10-01,6697.6
1847,2017-10-27,1992-10-01,6697.553000000001
1848,2018-07-27,1992-10-01,6680.803000000001
1849,1993-04-29,1993-01-01,6158.8
1850,1993-05-28,1993-01-01,6148.0
1851,1993-06-23,1993-01-01,6145.8
1852,1993-08-31,1993-01-01,6261.6
1853,1994-07-29,1993-01-01,6235.9
1854,1996-01-19,1993-01-01,6442.8
1855,1996-08-01,1993-01-01,6442.6
1856,1997-07-31,1993-01-01,6444.5
1858,1999-10-29,1993-01-01,6521.6
1859,2003-12-10,1993-01-01,6542.7
1860,2009-07-31,1993-01-01,6544.5
1861,2013-07-31,1993-01-01,6748.2
1862,2017-10-27,1993-01-01,6748.182
1863,2018-07-27,1993-01-01,6729.459
1864,1993-07-29,1993-04-01,6206.9
1865,1993-08-31,1993-04-01,6325.7
1866,1993-09-29,1993-04-01,6327.6
1867,1994-07-29,1993-04-01,6299.9
1868,1996-01-19,1993-04-01,6503.2
1869,1996-08-01,1993-04-01,6506.2
1870,1997-07-31,1993-04-01,6509.1
1872,1999-10-29,1993-04-01,6596.7
1873,2003-12-10,1993-04-01,6612.1
1874,2009-07-31,1993-04-01,6622.7
1875,2013-07-31,1993-04-01,6829.6
1876,2017-10-27,1993-04-01,6829.594
1877,2018-07-27,1993-04-01,6808.939
1878,1993-10-28,1993-07-01,6396.3
1879,1993-12-01,1993-07-01,6394.6
1880,1993-12-22,1993-07-01,6395.9
1881,1994-07-29,1993-07-01,6359.2
1882,1996-01-19,1993-07-01,6571.3
1883,1996-08-01,1993-07-01,6574.4
1884,1997-05-07,1993-07-01,6574.3
1885,1997-07-31,1993-07-01,6574.6
1887,1999-10-29,1993-07-01,6655.5
1888,2003-12-10,1993-07-01,6674.6
1889,2009-07-31,1993-07-01,6688.3
1890,2013-07-31,1993-07-01,6904.2
1891,2017-10-27,1993-07-01,6904.222
1892,2018-07-27,1993-07-01,6882.098000000001
1893,1994-01-28,1993-10-01,6510.8
1894,1994-03-01,1993-10-01,6532.4
1895,1994-03-31,1993-10-01,6526.5
1896,1994-07-29,1993-10-01,6478.1
1897,1996-01-19,1993-10-01,6683.7
1898,1996-08-01,1993-10-01,6688.6
1899,1997-05-07,1993-10-01,6688.7
1900,1997-07-31,1993-10-01,6704.2
1902,1999-10-29,1993-10-01,6795.5
1903,2003-12-10,1993-10-01,6800.2
1904,2009-07-31,1993-10-01,6813.8
1905,2013-07-31,1993-10-01,7032.8
1906,2017-10-27,1993-10-01,7032.844
1907,2018-07-27,1993-10-01,7013.738
1908,1994-04-28,1994-01-01,6609.4
1909,1994-05-27,1994-01-01,6617.6
1910,1994-06-29,1994-01-01,6623.1
1911,1994-07-29,1994-01-01,6574.7
1912,1996-01-19,1994-01-01,6772.8
1913,1996-08-01,1994-01-01,6776.0
1914,1997-05-07,1994-01-01,6776.1
1915,1997-07-31,1994-01-01,6794.3
1916,1999-10-28,1994-01-01,6887.8
1917,2003-12-10,1994-01-01,6911.0
1918,2009-07-31,1994-01-01,6916.3
1919,2013-07-31,1994-01-01,7136.2
1920,2014-07-30,1994-01-01,7136.3
1921,2017-10-27,1994-01-01,7136.259
1922,2018-07-27,1994-01-01,7115.651999999999
1923,1994-07-29,1994-04-01,6683.6
1924,1994-08-26,1994-04-01,6685.5
1925,1994-09-29,1994-04-01,6689.9
1926,1996-01-19,1994-04-01,6885.0
1927,1996-08-01,1994-04-01,6890.5
1928,1997-07-31,1994-04-01,6911.4
1929,1999-10-28,1994-04-01,7015.7
1930,2003-12-10,1994-04-01,7030.6
1931,2009-07-31,1994-04-01,7044.3
1932,2013-07-31,1994-04-01,7269.8
1933,2017-10-27,1994-04-01,7269.847
1934,2018-07-27,1994-04-01,7246.931
1935,1994-10-28,1994-07-01,6775.9
1936,1994-11-30,1994-07-01,6786.5
1937,1994-12-22,1994-07-01,6791.7
1938,1996-01-19,1994-07-01,6987.6
1939,1996-08-01,1994-07-01,6993.1
1940,1997-07-31,1994-07-01,6986.5
1941,1999-10-28,1994-07-01,7096.0
1942,2003-12-10,1994-07-01,7115.1
1943,2009-07-31,1994-07-01,7131.8
1944,2013-07-31,1994-07-01,7352.2
1945,2014-07-30,1994-07-01,7352.3
1946,2017-10-27,1994-07-01,7352.255
1947,2018-07-27,1994-07-01,7331.075
1948,1995-01-27,1994-10-01,6891.1
1949,1995-03-01,1994-10-01,6888.1
1950,1995-03-31,1994-10-01,6897.2
1951,1996-01-19,1994-10-01,7080.0
1952,1996-08-01,1994-10-01,7083.2
1953,1997-07-31,1994-10-01,7095.7
1954,1999-10-28,1994-10-01,7217.7
1955,2003-12-10,1994-10-01,7232.2
1956,2009-07-31,1994-10-01,7248.2
1957,2013-07-31,1994-10-01,7476.6
1958,2014-07-30,1994-10-01,7476.7
1959,2017-10-27,1994-10-01,7476.661
1960,2018-07-27,1994-10-01,7455.2880000000005
1961,1995-04-28,1995-01-01,6982.9
1962,1995-05-31,1995-01-01,6979.7
1963,1995-06-30,1995-01-01,6977.4
1964,1996-01-19,1995-01-01,7147.8
1965,1996-08-01,1995-01-01,7149.8
1966,1997-07-31,1995-01-01,7168.9
1967,1998-07-31,1995-01-01,7170.8
1968,1999-10-28,1995-01-01,7297.5
1969,2003-12-10,1995-01-01,7298.3
1970,2009-07-31,1995-01-01,7307.7
1971,2013-07-31,1995-01-01,7545.3
1972,2017-10-27,1995-01-01,7545.295999999999
1973,2018-07-27,1995-01-01,7522.289000000001
1974,1995-07-28,1995-04-01,7011.8
1975,1995-08-30,1995-04-01,7024.9
1976,1995-09-29,1995-04-01,7030.0
1977,1996-01-19,1995-04-01,7196.5
1978,1996-08-01,1995-04-01,7204.9
1979,1997-07-31,1995-04-01,7209.5
1980,1998-07-31,1995-04-01,7210.9
1981,1999-10-28,1995-04-01,7342.6
1982,2003-12-10,1995-04-01,7337.7
1983,2009-07-31,1995-04-01,7355.8
1984,2013-07-31,1995-04-01,7604.9
1985,2017-10-27,1995-04-01,7604.923000000001
1986,2018-07-27,1995-04-01,7580.996999999999
1987,1995-10-27,1995-07-01,7113.2
1988,1996-01-19,1995-07-01,7297.2
1989,1996-02-23,1995-07-01,7298.5
1990,1996-08-01,1995-07-01,7309.8
1991,1997-07-31,1995-07-01,7301.3
1992,1998-07-31,1995-07-01,7304.8
1993,1999-10-28,1995-07-01,7432.8
1994,2003-12-10,1995-07-01,7432.1
1995,2009-07-31,1995-07-01,7452.5
1996,2013-07-31,1995-07-01,7706.5
1997,2017-10-27,1995-07-01,7706.531
1998,2018-07-27,1995-07-01,7683.125
1999,1996-02-23,1995-10-01,7348.1
2000,1996-04-02,1995-10-01,7340.4
2001,1996-08-01,1995-10-01,7350.6
2002,1997-07-31,1995-10-01,7381.9
2003,1998-07-31,1995-10-01,7391.9
2004,1999-10-28,1995-10-01,7529.3
2005,2003-12-10,1995-10-01,7522.5
2006,2009-07-31,1995-10-01,7542.5
2007,2013-07-31,1995-10-01,7799.5
2008,2017-10-27,1995-10-01,7799.493
2009,2018-07-27,1995-10-01,7772.585999999999
2010,1996-05-02,1996-01-01,7430.7
2011,1996-05-30,1996-01-01,7421.4
2012,1996-06-28,1996-01-01,7417.8
2013,1996-08-01,1996-01-01,7426.8
2014,1997-07-31,1996-01-01,7467.5
2015,1998-07-31,1996-01-01,7495.3
2016,1999-10-28,1996-01-01,7629.6
2017,2003-12-10,1996-01-01,7624.1
2018,2009-07-31,1996-01-01,7638.2
2019,2013-07-31,1996-01-01,7893.1
2020,2017-10-27,1996-01-01,7893.146
2021,2018-07-27,1996-01-01,7868.468000000001
2022,1996-08-01,1996-04-01,7538.1
2023,1996-08-29,1996-04-01,7547.6
2024,1996-09-27,1996-04-01,7545.1
2025,1997-07-31,1996-04-01,7607.7
2026,1998-07-31,1996-04-01,7629.2
2027,1999-10-28,1996-04-01,7782.7
2028,2003-12-10,1996-04-01,7776.6
2029,2009-07-31,1996-04-01,7800.0
2030,2013-07-31,1996-04-01,8061.5
2031,2017-10-27,1996-04-01,8061.535
2032,2018-07-27,1996-04-01,8032.84
2033,1996-10-30,1996-07-01,7616.0
2034,1996-11-27,1996-07-01,7611.8
2035,1996-12-20,1996-07-01,7616.3
2036,1997-07-31,1996-07-01,7676.0
2037,1998-07-31,1996-07-01,7703.4
2038,1999-10-28,1996-07-01,7859.0
2039,2003-12-10,1996-07-01,7866.2
2040,2009-07-31,1996-07-01,7892.7
2041,2013-07-31,1996-07-01,8159.0
2042,2017-10-27,1996-07-01,8159.043000000001
2043,2018-07-27,1996-07-01,8131.408
2044,1997-01-31,1996-10-01,7731.7
2045,1997-02-28,1996-10-01,7715.4
2046,1997-03-28,1996-10-01,7716.1
2047,1997-07-31,1996-10-01,7792.9
2048,1998-07-31,1996-10-01,7818.4
2049,1999-10-28,1996-10-01,7981.4
2050,2003-12-10,1996-10-01,8000.4
2051,2009-07-31,1996-10-01,8023.0
2052,2013-07-31,1996-10-01,8287.0
2053,2014-07-30,1996-10-01,8287.1
2054,2017-10-27,1996-10-01,8287.078000000001
2055,2018-07-27,1996-10-01,8259.771
2056,1997-04-30,1997-01-01,7866.0
2057,1997-05-30,1997-01-01,7867.7
2058,1997-06-27,1997-01-01,7871.0
2059,1997-07-31,1997-01-01,7933.6
2060,1998-07-31,1997-01-01,7955.0
2061,1999-10-28,1997-01-01,8125.9
2062,2000-07-28,1997-01-01,8124.2
2063,2003-12-10,1997-01-01,8113.8
2064,2009-07-31,1997-01-01,8137.0
2065,2013-07-31,1997-01-01,8402.0
2066,2014-07-30,1997-01-01,8402.1
2067,2017-10-27,1997-01-01,8402.06
2068,2018-07-27,1997-01-01,8362.655
2069,1997-07-31,1997-04-01,8004.8
2070,1997-08-28,1997-04-01,8035.2
2071,1997-09-26,1997-04-01,8034.3
2072,1998-07-31,1997-04-01,8063.4
2073,1999-10-28,1997-04-01,8259.5
2074,2000-07-28,1997-04-01,8279.8
2075,2003-12-10,1997-04-01,8250.4
2076,2009-07-31,1997-04-01,8276.8
2077,2013-07-31,1997-04-01,8551.9
2078,2017-10-27,1997-04-01,8551.94
2079,2018-07-27,1997-04-01,8518.825
2080,1997-10-31,1997-07-01,8131.7
2081,1997-11-26,1997-07-01,8128.8
2082,1997-12-23,1997-07-01,8124.3
2083,1998-07-31,1997-07-01,8170.8
2084,1999-10-28,1997-07-01,8364.5
2085,2000-07-28,1997-07-01,8390.9
2086,2003-12-10,1997-07-01,8381.9
2087,2009-07-31,1997-07-01,8409.9
2088,2013-07-31,1997-07-01,8691.7
2089,2014-07-30,1997-07-01,8691.8
2090,2017-10-27,1997-07-01,8691.756
2091,2018-07-27,1997-07-01,8662.823
2092,1998-01-30,1997-10-01,8241.5
2093,1998-02-27,1997-10-01,8231.8
2094,1998-03-26,1997-10-01,8227.4
2095,1998-07-31,1997-10-01,8254.5
2096,1999-10-28,1997-10-01,8453.0
2097,2000-07-28,1997-10-01,8478.6
2098,2003-12-10,1997-10-01,8471.2
2099,2009-07-31,1997-10-01,8505.7
2100,2013-07-31,1997-10-01,8788.3
2101,2017-10-27,1997-10-01,8788.32
2102,2018-07-27,1997-10-01,8765.907
2103,1998-04-30,1998-01-01,8332.2
2104,1998-05-28,1998-01-01,8344.9
2105,1998-06-25,1998-01-01,8359.3
2106,1998-07-31,1998-01-01,8384.2
2107,1999-10-28,1998-01-01,8610.6
2108,2000-07-28,1998-01-01,8634.7
2109,2001-07-27,1998-01-01,8627.8
2110,2003-12-10,1998-01-01,8586.7
2111,2009-07-31,1998-01-01,8600.6
2112,2013-07-31,1998-01-01,8889.7
2113,2017-10-27,1998-01-01,8889.732
2114,2018-07-27,1998-01-01,8866.48
2115,1998-07-31,1998-04-01,8431.7
2116,1998-08-27,1998-04-01,8435.2
2117,1998-09-24,1998-04-01,8440.6
2118,1999-10-28,1998-04-01,8683.7
2119,2000-07-28,1998-04-01,8722.0
2120,2001-07-27,1998-04-01,8697.3
2121,2003-12-10,1998-04-01,8657.9
2122,2009-07-31,1998-04-01,8698.6
2123,2013-07-31,1998-04-01,8994.7
2124,2017-10-27,1998-04-01,8994.738000000001
2125,2018-07-27,1998-04-01,8969.699
2126,1998-10-30,1998-07-01,8526.5
2127,1998-11-24,1998-07-01,8538.6
2128,1998-12-23,1998-07-01,8537.9
2129,1999-10-28,1998-07-01,8797.9
2130,2000-07-28,1998-07-01,8829.1
2131,2001-07-27,1998-07-01,8816.5
2132,2003-12-10,1998-07-01,8789.5
2133,2009-07-31,1998-07-01,8847.2
2134,2013-07-31,1998-07-01,9146.5
2135,2017-10-27,1998-07-01,9146.521
2136,2018-07-27,1998-07-01,9121.097
2137,1999-01-29,1998-10-01,8672.8
2138,1999-02-26,1998-10-01,8680.0
2139,1999-03-31,1998-10-01,8681.2
2140,1999-10-28,1998-10-01,8947.6
2141,2000-07-28,1998-10-01,8974.9
2142,2001-07-27,1998-10-01,8984.5
2143,2003-12-10,1998-10-01,8953.8
2144,2009-07-31,1998-10-01,9027.5
2145,2013-07-31,1998-10-01,9325.6
2146,2014-07-30,1998-10-01,9325.7
2147,2017-10-27,1998-10-01,9325.65
2148,2018-07-27,1998-10-01,9293.991
2149,1999-04-30,1999-01-01,8807.9
2150,1999-05-27,1999-01-01,8799.7
2151,1999-06-25,1999-01-01,8808.7
2152,1999-10-28,1999-01-01,9072.7
2153,2000-07-28,1999-01-01,9104.5
2154,2001-07-27,1999-01-01,9093.1
2155,2002-07-31,1999-01-01,9092.7
2156,2003-12-10,1999-01-01,9066.6
2157,2009-07-31,1999-01-01,9148.6
2158,2013-07-31,1999-01-01,9450.3
2159,2014-07-30,1999-01-01,9447.1
2160,2017-10-27,1999-01-01,9447.103000000001
2161,2018-07-27,1999-01-01,9417.264000000001
2162,1999-07-29,1999-04-01,8893.3
2163,1999-08-26,1999-04-01,8881.9
2164,1999-09-30,1999-04-01,8873.4
2165,1999-10-28,1999-04-01,9146.2
2166,2000-07-28,1999-04-01,9191.5
2167,2001-07-27,1999-04-01,9161.4
2168,2002-07-31,1999-04-01,9171.7
2169,2003-12-10,1999-04-01,9174.1
2170,2009-07-31,1999-04-01,9252.6
2171,2013-07-31,1999-04-01,9561.5
2172,2014-07-30,1999-04-01,9557.0
2173,2017-10-27,1999-04-01,9557.005
2174,2018-07-27,1999-04-01,9524.152
2175,1999-10-28,1999-07-01,9276.3
2176,1999-11-24,1999-07-01,9295.3
2177,1999-12-22,1999-07-01,9297.8
2178,2000-07-28,1999-07-01,9340.9
2179,2001-07-27,1999-07-01,9297.4
2180,2002-07-31,1999-07-01,9316.5
2181,2003-12-10,1999-07-01,9313.5
2182,2009-07-31,1999-07-01,9405.1
2183,2013-07-31,1999-07-01,9718.7
2184,2014-07-30,1999-07-01,9712.3
2185,2017-10-27,1999-07-01,9712.28
2186,2018-07-27,1999-07-01,9681.856
2187,2000-01-28,1999-10-01,9477.1
2188,2000-02-25,1999-10-01,9501.6
2189,2000-03-30,1999-10-01,9507.9
2190,2000-07-28,1999-10-01,9559.7
2191,2001-07-27,1999-10-01,9522.5
2192,2002-07-31,1999-10-01,9516.4
2193,2003-12-10,1999-10-01,9519.5
2194,2009-07-31,1999-10-01,9607.7
2195,2013-07-31,1999-10-01,9932.3
2196,2014-07-30,1999-10-01,9926.1
2197,2017-10-27,1999-10-01,9926.101
2198,2018-07-27,1999-10-01,9899.378
2199,2000-04-27,2000-01-01,9697.2
2200,2000-05-25,2000-01-01,9697.6
2201,2000-06-29,2000-01-01,9707.0
2202,2000-07-28,2000-01-01,9752.7
2203,2001-07-27,2000-01-01,9668.7
2204,2002-07-31,2000-01-01,9649.5
2205,2003-12-10,2000-01-01,9629.4
2206,2009-07-31,2000-01-01,9709.5
2207,2013-07-31,2000-01-01,10036.1
2208,2014-07-30,2000-01-01,10031.0
2209,2017-10-27,2000-01-01,10031.030999999999
2210,2018-07-27,2000-01-01,10002.857
2211,2000-07-28,2000-04-01,9937.3
2212,2000-08-25,2000-04-01,9942.9
2213,2000-09-28,2000-04-01,9945.7
2214,2001-07-27,2000-04-01,9857.6
2215,2002-07-31,2000-04-01,9820.7
2216,2003-12-10,2000-04-01,9822.8
2217,2009-07-31,2000-04-01,9949.1
2218,2013-07-31,2000-04-01,10283.7
2219,2014-07-30,2000-04-01,10278.3
2220,2017-10-27,2000-04-01,10278.34
2221,2018-07-27,2000-04-01,10247.679
2222,2000-10-27,2000-07-01,10063.3
2223,2000-11-29,2000-07-01,10052.2
2224,2000-12-21,2000-07-01,10039.4
2225,2001-07-27,2000-07-01,9937.5
2226,2002-07-31,2000-07-01,9874.8
2227,2003-12-10,2000-07-01,9862.1
2228,2009-07-31,2000-07-01,10017.5
2229,2013-07-31,2000-07-01,10363.8
2230,2014-07-30,2000-07-01,10357.4
2231,2017-10-27,2000-07-01,10357.445
2232,2018-07-27,2000-07-01,10319.825
2233,2001-01-31,2000-10-01,10125.0
2234,2001-02-28,2000-10-01,10112.8
2235,2001-03-29,2000-10-01,10114.4
2236,2001-07-27,2000-10-01,10027.9
2237,2002-07-31,2000-10-01,9953.6
2238,2009-07-31,2000-10-01,10129.8
2239,2013-07-31,2000-10-01,10475.3
2240,2014-07-30,2000-10-01,10472.3
2241,2017-10-27,2000-10-01,10472.285
2242,2018-07-27,2000-10-01,10439.025
2243,2001-04-27,2001-01-01,10243.6
2244,2001-05-25,2001-01-01,10229.4
2245,2001-06-29,2001-01-01,10226.8
2246,2001-07-27,2001-01-01,10141.7
2247,2002-07-31,2001-01-01,10028.1
2248,2003-12-10,2001-01-01,10024.8
2249,2004-07-30,2001-01-01,10021.5
2250,2009-07-31,2001-01-01,10165.1
2251,2013-07-31,2001-01-01,10512.5
2252,2014-07-30,2001-01-01,10508.1
2253,2017-10-27,2001-01-01,10508.121000000001
2254,2018-07-27,2001-01-01,10472.879
2255,2001-07-27,2001-04-01,10217.6
2256,2001-08-29,2001-04-01,10201.6
2257,2001-09-28,2001-04-01,10202.6
2258,2002-07-31,2001-04-01,10049.9
2259,2003-12-10,2001-04-01,10088.2
2260,2004-07-30,2001-04-01,10128.9
2261,2009-07-31,2001-04-01,10301.3
2262,2013-07-31,2001-04-01,10641.6
2263,2014-07-30,2001-04-01,10638.4
2264,2017-10-27,2001-04-01,10638.383999999998
2265,2018-07-27,2001-04-01,10597.822
2266,2001-10-31,2001-07-01,10247.7
2267,2001-11-30,2001-07-01,10229.7
2268,2001-12-21,2001-07-01,10224.9
2269,2002-07-31,2001-07-01,10097.7
2270,2003-12-10,2001-07-01,10096.2
2271,2004-07-30,2001-07-01,10135.1
2272,2009-07-31,2001-07-01,10305.2
2273,2013-07-31,2001-07-01,10644.3
2274,2014-07-30,2001-07-01,10639.5
2275,2017-10-27,2001-07-01,10639.486
2276,2018-07-27,2001-07-01,10596.294
2277,2002-01-30,2001-10-01,10221.6
2278,2002-02-28,2001-10-01,10253.2
2279,2002-03-28,2001-10-01,10263.3
2280,2002-07-31,2001-10-01,10152.9
2281,2003-12-10,2001-10-01,10193.9
2282,2004-07-30,2001-10-01,10226.3
2283,2009-07-31,2001-10-01,10373.1
2284,2013-07-31,2001-10-01,10702.7
2285,2014-07-30,2001-10-01,10701.3
2286,2017-10-27,2001-10-01,10701.317
2287,2018-07-27,2001-10-01,10660.294
2288,2002-04-26,2002-01-01,10431.3
2289,2002-05-24,2002-01-01,10428.8
2290,2002-06-27,2002-01-01,10449.8
2291,2002-07-31,2002-01-01,10313.1
2292,2003-12-10,2002-01-01,10329.3
2293,2004-07-30,2002-01-01,10338.2
2294,2005-07-29,2002-01-01,10333.3
2295,2009-07-31,2002-01-01,10498.7
2296,2013-07-31,2002-01-01,10837.3
2297,2014-07-30,2002-01-01,10834.4
2298,2017-10-27,2002-01-01,10834.445
2299,2018-07-27,2002-01-01,10788.952
2300,2002-07-31,2002-04-01,10369.9
2301,2002-08-29,2002-04-01,10371.0
2302,2002-09-27,2002-04-01,10376.9
2303,2003-12-10,2002-04-01,10428.3
2304,2004-07-30,2002-04-01,10445.7
2305,2005-07-29,2002-04-01,10426.6
2306,2009-07-31,2002-04-01,10601.9
2307,2013-07-31,2002-04-01,10938.0
2308,2014-07-30,2002-04-01,10934.8
2309,2017-10-27,2002-04-01,10934.752
2310,2018-07-27,2002-04-01,10893.207
2311,2002-10-31,2002-07-01,10486.1
2312,2002-11-26,2002-07-01,10503.7
2313,2002-12-20,2002-07-01,10506.2
2314,2003-12-10,2002-07-01,10542.0
2315,2004-07-30,2002-07-01,10546.5
2316,2005-07-29,2002-07-01,10527.4
2317,2009-07-31,2002-07-01,10701.7
2318,2013-07-31,2002-07-01,11039.8
2319,2014-07-30,2002-07-01,11037.1
2320,2017-10-27,2002-07-01,11037.056999999999
2321,2018-07-27,2002-07-01,10992.051000000001
2322,2003-01-30,2002-10-01,10572.3
2323,2003-02-28,2002-10-01,10586.3
2324,2003-03-27,2002-10-01,10588.8
2325,2003-12-10,2002-10-01,10623.7
2326,2004-07-30,2002-10-01,10617.5
2327,2005-07-29,2002-10-01,10591.1
2328,2009-07-31,2002-10-01,10766.9
2329,2013-07-31,2002-10-01,11105.7
2330,2014-07-30,2002-10-01,11103.8
2331,2017-10-27,2002-10-01,11103.833999999999
2332,2018-07-27,2002-10-01,11071.463
2333,2003-04-25,2003-01-01,10697.6
2334,2003-05-29,2003-01-01,10704.2
2335,2003-06-26,2003-01-01,10688.4
2336,2003-12-10,2003-01-01,10735.8
2337,2004-07-30,2003-01-01,10744.6
2338,2005-07-29,2003-01-01,10717.0
2339,2006-07-28,2003-01-01,10705.6
2340,2009-07-31,2003-01-01,10888.4
2341,2011-07-29,2003-01-01,10887.4
2342,2013-07-31,2003-01-01,11230.8
2343,2014-07-30,2003-01-01,11230.1
2344,2017-10-27,2003-01-01,11230.078000000001
2345,2018-07-27,2003-01-01,11183.507
2346,2003-07-31,2003-04-01,10777.3
2347,2003-08-28,2003-04-01,10793.9
2348,2003-09-26,2003-04-01,10802.7
2349,2003-12-10,2003-04-01,10846.7
2350,2004-07-30,2003-04-01,10884.0
2351,2005-07-29,2003-04-01,10844.6
2352,2006-07-28,2003-04-01,10831.8
2353,2009-07-31,2003-04-01,11008.1
2354,2011-07-29,2003-04-01,11011.6
2355,2013-07-31,2003-04-01,11371.4
2356,2014-07-30,2003-04-01,11370.7
2357,2017-10-27,2003-04-01,11370.653
2358,2018-07-27,2003-04-01,11312.875
2359,2003-10-30,2003-07-01,11038.4
2360,2003-11-25,2003-07-01,11063.4
2362,2003-12-23,2003-07-01,11107.0
2363,2004-07-30,2003-07-01,11116.7
2364,2005-07-29,2003-07-01,11087.4
2365,2006-07-28,2003-07-01,11086.1
2366,2009-07-31,2003-07-01,11255.7
2367,2011-07-29,2003-07-01,11255.1
2368,2013-07-31,2003-07-01,11628.4
2369,2014-07-30,2003-07-01,11625.1
2370,2017-10-27,2003-07-01,11625.136999999999
2371,2018-07-27,2003-07-01,11567.326000000001
2372,2004-01-30,2003-10-01,11246.3
2373,2004-02-27,2003-10-01,11252.3
2374,2004-03-25,2003-10-01,11262.0
2375,2004-07-30,2003-10-01,11270.9
2376,2005-07-29,2003-10-01,11236.0
2377,2006-07-28,2003-10-01,11219.5
2378,2009-07-31,2003-10-01,11416.5
2379,2011-07-29,2003-10-01,11414.8
2380,2013-07-31,2003-10-01,11818.5
2381,2014-07-30,2003-10-01,11816.8
2382,2017-10-27,2003-10-01,11816.827
2383,2018-07-27,2003-10-01,11769.275
2384,2004-04-29,2004-01-01,11447.8
2385,2004-05-27,2004-01-01,11459.6
2386,2004-06-25,2004-01-01,11451.2
2387,2004-07-30,2004-01-01,11472.6
2388,2005-07-29,2004-01-01,11457.1
2389,2006-07-28,2004-01-01,11430.9
2390,2007-07-27,2004-01-01,11405.5
2391,2009-07-31,2004-01-01,11597.2
2392,2011-07-29,2004-01-01,11589.9
2393,2013-07-31,2004-01-01,11991.4
2394,2014-07-30,2004-01-01,11988.4
2395,2017-10-27,2004-01-01,11988.403
2396,2018-07-27,2004-01-01,11920.169
2397,2004-07-30,2004-04-01,11649.3
2398,2004-08-27,2004-04-01,11643.1
2399,2004-09-29,2004-04-01,11657.5
2400,2005-07-29,2004-04-01,11666.1
2401,2006-07-28,2004-04-01,11649.3
2402,2007-07-27,2004-04-01,11610.3
2403,2009-07-31,2004-04-01,11778.4
2404,2011-07-29,2004-04-01,11762.9
2405,2013-07-31,2004-04-01,12183.5
2406,2014-07-30,2004-04-01,12181.4
2407,2017-10-27,2004-04-01,12181.398000000001
2408,2018-07-27,2004-04-01,12108.987
2409,2004-10-29,2004-07-01,11803.5
2410,2004-11-30,2004-07-01,11810.0
2411,2004-12-22,2004-07-01,11814.9
2412,2005-07-29,2004-07-01,11818.8
2413,2006-07-28,2004-07-01,11799.4
2414,2007-07-27,2004-07-01,11779.4
2415,2009-07-31,2004-07-01,11950.5
2416,2011-07-29,2004-07-01,11936.3
2417,2013-07-31,2004-07-01,12369.4
2418,2014-07-30,2004-07-01,12367.7
2419,2017-10-27,2004-07-01,12367.743999999999
2420,2018-07-27,2004-07-01,12303.34
2421,2005-01-28,2004-10-01,11967.0
2422,2005-02-25,2004-10-01,11988.9
2423,2005-03-30,2004-10-01,11994.8
2424,2005-07-29,2004-10-01,11995.2
2425,2006-07-28,2004-10-01,11970.3
2426,2007-07-27,2004-10-01,11948.5
2427,2009-07-31,2004-10-01,12144.9
2428,2011-07-29,2004-10-01,12123.9
2429,2013-07-31,2004-10-01,12563.8
2430,2014-07-30,2004-10-01,12562.2
2431,2017-10-27,2004-10-01,12562.163
2432,2018-07-27,2004-10-01,12522.425
2433,2005-04-28,2005-01-01,12182.7
2434,2005-05-26,2005-01-01,12191.7
2435,2005-07-29,2005-01-01,12198.8
2436,2006-07-28,2005-01-01,12173.2
2437,2007-07-27,2005-01-01,12154.0
2438,2008-07-31,2005-01-01,12155.4
2439,2009-07-31,2005-01-01,12379.5
2440,2011-07-29,2005-01-01,12361.8
2441,2013-07-31,2005-01-01,12816.2
2442,2014-07-30,2005-01-01,12813.7
2443,2017-10-27,2005-01-01,12813.729
2444,2018-07-27,2005-01-01,12761.337
2445,2005-07-29,2005-04-01,12376.2
2446,2005-08-31,2005-04-01,12373.1
2447,2005-09-29,2005-04-01,12378.0
2448,2006-07-28,2005-04-01,12346.1
2449,2007-07-27,2005-04-01,12317.4
2450,2008-07-31,2005-04-01,12297.5
2451,2009-07-31,2005-04-01,12516.8
2452,2011-07-29,2005-04-01,12500.0
2453,2013-07-31,2005-04-01,12975.7
2454,2014-07-30,2005-04-01,12974.1
2455,2017-10-27,2005-04-01,12974.083
2456,2018-07-27,2005-04-01,12910.021999999999
2457,2005-10-28,2005-07-01,12589.6
2458,2005-11-30,2005-07-01,12601.0
2459,2005-12-21,2005-07-01,12605.7
2460,2006-07-28,2005-07-01,12573.5
2461,2007-07-27,2005-07-01,12558.8
2462,2008-07-31,2005-07-01,12538.2
2463,2009-07-31,2005-07-01,12741.6
2464,2011-07-29,2005-07-01,12728.6
2465,2013-07-31,2005-07-01,13206.5
2466,2014-07-30,2005-07-01,13205.4
2467,2017-10-27,2005-07-01,13205.445
2468,2018-07-27,2005-07-01,13142.873
2469,2006-01-27,2005-10-01,12735.3
2470,2006-02-28,2005-10-01,12760.4
2471,2006-03-30,2005-10-01,12766.1
2472,2006-07-28,2005-10-01,12730.5
2473,2007-07-27,2005-10-01,12705.5
2474,2008-07-31,2005-10-01,12696.4
2475,2009-07-31,2005-10-01,12915.6
2476,2011-07-29,2005-10-01,12901.4
2477,2013-07-31,2005-10-01,13383.3
2478,2014-07-30,2005-10-01,13381.6
2479,2017-10-27,2005-10-01,13381.628999999999
2480,2018-07-27,2005-10-01,13332.316
2481,2006-04-28,2006-01-01,13020.9
2482,2006-05-25,2006-01-01,13037.4
2483,2006-06-29,2006-01-01,13042.3
2484,2006-07-28,2006-01-01,13008.4
2485,2007-07-27,2006-01-01,12964.6
2486,2008-07-31,2006-01-01,12959.6
2487,2009-07-31,2006-01-01,13183.5
2488,2011-07-29,2006-01-01,13161.4
2489,2013-07-31,2006-01-01,13649.8
2490,2014-07-30,2006-01-01,13648.9
2491,2017-10-27,2006-01-01,13648.903999999999
2492,2018-07-27,2006-01-01,13603.933
2493,2006-07-28,2006-04-01,13193.9
2494,2006-08-30,2006-04-01,13209.7
2495,2006-09-28,2006-04-01,13197.3
2496,2007-07-27,2006-04-01,13155.0
2497,2008-07-31,2006-04-01,13134.1
2498,2009-07-31,2006-04-01,13347.8
2499,2011-07-29,2006-04-01,13330.4
2500,2013-07-31,2006-04-01,13802.9
2501,2014-07-30,2006-04-01,13799.8
2502,2017-10-27,2006-04-01,13799.794
2503,2018-07-27,2006-04-01,13749.806
2504,2006-10-27,2006-07-01,13308.3
2505,2006-11-29,2006-07-01,13327.1
2506,2006-12-21,2006-07-01,13322.6
2507,2007-07-27,2006-07-01,13266.9
2508,2008-07-31,2006-07-01,13249.6
2509,2009-07-31,2006-07-01,13452.9
2510,2011-07-29,2006-07-01,13432.8
2511,2013-07-31,2006-07-01,13910.5
2512,2014-07-30,2006-07-01,13908.5
2513,2017-10-27,2006-07-01,13908.498
2514,2018-07-27,2006-07-01,13867.469
2515,2007-01-31,2006-10-01,13487.2
2516,2007-02-28,2006-10-01,13449.9
2517,2007-03-29,2006-10-01,13458.2
2518,2007-07-27,2006-10-01,13392.3
2519,2008-07-31,2006-10-01,13370.1
2520,2009-07-31,2006-10-01,13611.5
2521,2011-07-29,2006-10-01,13584.2
2522,2013-07-31,2006-10-01,14068.4
2523,2014-07-30,2006-10-01,14066.4
2524,2017-10-27,2006-10-01,14066.37
2525,2018-07-27,2006-10-01,14037.228000000001
2526,2007-04-27,2007-01-01,13632.6
2527,2007-05-31,2007-01-01,13613.0
2528,2007-06-28,2007-01-01,13620.2
2529,2007-07-27,2007-01-01,13551.9
2530,2008-07-31,2007-01-01,13510.9
2531,2009-07-31,2007-01-01,13795.6
2532,2010-07-30,2007-01-01,13789.5
2533,2011-07-29,2007-01-01,13758.5
2534,2013-07-31,2007-01-01,14235.0
2535,2014-07-30,2007-01-01,14233.2
2536,2017-10-27,2007-01-01,14233.226
2537,2018-07-27,2007-01-01,14208.569
2538,2007-07-27,2007-04-01,13755.9
2539,2007-08-30,2007-04-01,13774.7
2540,2007-09-27,2007-04-01,13768.8
2541,2008-07-31,2007-04-01,13737.5
2542,2009-07-31,2007-04-01,13997.2
2543,2010-07-30,2007-04-01,14008.2
2544,2011-07-29,2007-04-01,13976.8
2545,2013-07-31,2007-04-01,14424.5
2546,2014-07-30,2007-04-01,14422.3
2547,2017-10-27,2007-04-01,14422.313
2548,2018-07-27,2007-04-01,14382.363000000001
2549,2007-10-31,2007-07-01,13926.7
2550,2007-11-29,2007-07-01,13967.3
2551,2007-12-20,2007-07-01,13970.5
2552,2008-07-31,2007-07-01,13950.6
2553,2009-07-31,2007-07-01,14179.9
2554,2010-07-30,2007-07-01,14158.2
2555,2011-07-29,2007-07-01,14126.2
2556,2013-07-31,2007-07-01,14571.9
2557,2014-07-30,2007-07-01,14569.7
2558,2017-10-27,2007-07-01,14569.675
2559,2018-07-27,2007-07-01,14535.003
2560,2008-01-30,2007-10-01,14080.8
2561,2008-02-28,2007-10-01,14084.1
2562,2008-03-27,2007-10-01,14074.2
2563,2008-07-31,2007-10-01,14031.2
2564,2009-07-31,2007-10-01,14337.9
2565,2010-07-30,2007-10-01,14291.3
2566,2011-07-29,2007-10-01,14253.2
2567,2013-07-31,2007-10-01,14690.0
2568,2014-07-30,2007-10-01,14685.3
2569,2017-10-27,2007-10-01,14685.33
2570,2018-07-27,2007-10-01,14681.501
2571,2008-04-30,2008-01-01,14185.2
2572,2008-05-29,2008-01-01,14195.6
2573,2008-06-26,2008-01-01,14201.1
2574,2008-07-31,2008-01-01,14150.8
2575,2009-07-31,2008-01-01,14373.9
2576,2010-07-30,2008-01-01,14328.4
2577,2011-07-29,2008-01-01,14273.9
2578,2013-07-31,2008-01-01,14672.9
2579,2014-07-30,2008-01-01,14668.4
2580,2017-10-27,2008-01-01,14668.445
2581,2018-07-27,2008-01-01,14651.038999999999
2582,2008-07-31,2008-04-01,14256.5
2583,2008-08-28,2008-04-01,14312.5
2584,2008-09-26,2008-04-01,14294.5
2585,2009-07-31,2008-04-01,14497.8
2586,2010-07-30,2008-04-01,14471.8
2587,2011-07-29,2008-04-01,14415.5
2588,2013-07-31,2008-04-01,14817.1
2589,2014-07-30,2008-04-01,14813.0
2590,2017-10-27,2008-04-01,14812.973999999998
2591,2018-07-27,2008-04-01,14805.611
2592,2008-10-30,2008-07-01,14429.2
2593,2008-11-25,2008-07-01,14420.5
2594,2008-12-23,2008-07-01,14412.8
2595,2009-07-31,2008-07-01,14546.7
2596,2010-07-30,2008-07-01,14484.9
2597,2011-07-29,2008-07-01,14395.1
2598,2013-07-31,2008-07-01,14844.3
2599,2014-07-30,2008-07-01,14843.0
2600,2017-10-27,2008-07-01,14842.983
2601,2018-07-27,2008-07-01,14835.187
2602,2009-01-30,2008-10-01,14264.6
2603,2009-02-27,2008-10-01,14200.3
2604,2009-07-31,2008-10-01,14347.3
2605,2010-07-30,2008-10-01,14191.2
2606,2011-07-29,2008-10-01,14081.7
2607,2013-07-31,2008-10-01,14546.7
2608,2014-07-30,2008-10-01,14549.9
2609,2017-10-27,2008-10-01,14549.948999999999
2610,2018-07-27,2008-10-01,14559.543
2611,2009-04-29,2009-01-01,14075.5
2612,2009-05-29,2009-01-01,14089.7
2613,2009-06-25,2009-01-01,14097.2
2614,2009-07-31,2009-01-01,14178.0
2615,2010-07-30,2009-01-01,14049.7
2616,2011-07-29,2009-01-01,13893.7
2617,2012-07-27,2009-01-01,13923.4
2618,2013-07-31,2009-01-01,14381.2
2619,2014-07-30,2009-01-01,14383.9
2620,2017-10-27,2009-01-01,14383.885
2621,2018-07-27,2009-01-01,14394.546999999999
2622,2009-07-31,2009-04-01,14149.8
2623,2009-08-27,2009-04-01,14143.3
2624,2009-09-30,2009-04-01,14151.2
2625,2010-07-30,2009-04-01,14034.5
2626,2011-07-29,2009-04-01,13854.1
2627,2012-07-27,2009-04-01,13885.4
2628,2013-07-31,2009-04-01,14342.1
2629,2014-07-30,2009-04-01,14340.4
2630,2017-10-27,2009-04-01,14340.417
2631,2018-07-27,2009-04-01,14352.85
2632,2009-10-29,2009-07-01,14301.5
2633,2009-11-24,2009-07-01,14266.3
2634,2009-12-22,2009-07-01,14242.1
2635,2010-07-30,2009-07-01,14114.7
2636,2011-07-29,2009-07-01,13920.5
2637,2012-07-27,2009-07-01,13952.2
2638,2013-07-31,2009-07-01,14384.4
2639,2014-07-30,2009-07-01,14384.1
2640,2017-10-27,2009-07-01,14384.145
2641,2018-07-27,2009-07-01,14420.312
2642,2010-01-29,2009-10-01,14463.4
2643,2010-02-26,2009-10-01,14461.7
2644,2010-03-26,2009-10-01,14453.8
2645,2010-07-30,2009-10-01,14277.3
2646,2011-07-29,2009-10-01,14087.4
2647,2012-07-27,2009-10-01,14133.6
2648,2013-07-31,2009-10-01,14564.1
2649,2014-07-30,2009-10-01,14566.5
2650,2017-10-27,2009-10-01,14566.511
2651,2018-07-27,2009-10-01,14628.021
2652,2010-04-30,2010-01-01,14601.4
2653,2010-06-25,2010-01-01,14592.4
2654,2010-07-30,2010-01-01,14446.4
2655,2011-07-29,2010-01-01,14277.9
2656,2012-07-27,2010-01-01,14270.3
2657,2013-07-31,2010-01-01,14672.5
2658,2014-07-30,2010-01-01,14681.1
2659,2017-10-27,2010-01-01,14681.063
2660,2018-07-27,2010-01-01,14721.35
2661,2010-07-30,2010-04-01,14597.7
2662,2010-08-27,2010-04-01,14575.0
2663,2010-09-30,2010-04-01,14578.7
2664,2011-07-29,2010-04-01,14467.8
2665,2012-07-27,2010-04-01,14413.5
2666,2013-07-31,2010-04-01,14879.2
2667,2014-07-30,2010-04-01,14888.6
2668,2018-07-27,2010-04-01,14926.098
2669,2010-10-29,2010-07-01,14730.2
2670,2010-11-23,2010-07-01,14750.2
2671,2010-12-22,2010-07-01,14745.1
2672,2011-07-29,2010-07-01,14605.5
2673,2012-07-27,2010-07-01,14576.0
2674,2013-07-31,2010-07-01,15049.8
2675,2014-07-30,2010-07-01,15057.7
2676,2017-10-27,2010-07-01,15057.66
2677,2018-07-27,2010-07-01,15079.917
2678,2011-01-28,2010-10-01,14870.4
2679,2011-02-25,2010-10-01,14861.0
2680,2011-03-25,2010-10-01,14871.4
2681,2011-07-29,2010-10-01,14755.0
2682,2012-07-27,2010-10-01,14735.9
2683,2013-07-31,2010-10-01,15231.7
2684,2014-07-30,2010-10-01,15230.2
2685,2017-10-27,2010-10-01,15230.208
2686,2018-07-27,2010-10-01,15240.843
2687,2011-04-28,2011-01-01,15006.4
2688,2011-05-26,2011-01-01,15010.3
2689,2011-06-24,2011-01-01,15018.1
2690,2011-07-29,2011-01-01,14867.8
2691,2012-07-27,2011-01-01,14814.9
2692,2013-07-31,2011-01-01,15242.9
2693,2014-07-30,2011-01-01,15238.4
2694,2017-10-27,2011-01-01,15238.371000000001
2695,2018-07-27,2011-01-01,15285.828000000001
2696,2011-07-29,2011-04-01,15003.8
2697,2011-08-26,2011-04-01,14996.8
2698,2011-09-29,2011-04-01,15012.8
2699,2012-07-27,2011-04-01,15003.6
2700,2013-07-31,2011-04-01,15461.9
2701,2014-07-30,2011-04-01,15460.9
2702,2017-10-27,2011-04-01,15460.926000000001
2703,2018-07-27,2011-04-01,15496.188999999998
2704,2011-10-27,2011-07-01,15198.6
2705,2011-11-22,2011-07-01,15180.9
2706,2011-12-22,2011-07-01,15176.1
2707,2012-07-27,2011-07-01,15163.2
2708,2013-07-31,2011-07-01,15611.8
2709,2014-07-30,2011-07-01,15587.1
2710,2017-10-27,2011-07-01,15587.125
2711,2018-07-27,2011-07-01,15591.85
2712,2012-01-27,2011-10-01,15294.3
2713,2012-02-29,2011-10-01,15320.8
2714,2012-03-29,2011-10-01,15319.4
2715,2012-07-27,2011-10-01,15321.0
2716,2013-07-31,2011-10-01,15818.7
2717,2014-07-30,2011-10-01,15785.3
2718,2017-10-27,2011-10-01,15785.312
2719,2018-07-27,2011-10-01,15796.46
2720,2012-04-27,2012-01-01,15461.8
2721,2012-05-31,2012-01-01,15454.0
2722,2012-06-28,2012-01-01,15467.8
2723,2012-07-27,2012-01-01,15478.3
2724,2013-07-31,2012-01-01,16041.6
2725,2014-07-30,2012-01-01,15956.5
2726,2015-07-30,2012-01-01,15973.9
2727,2017-10-27,2012-01-01,15973.881000000001
2728,2018-07-27,2012-01-01,16019.758
2729,2012-07-27,2012-04-01,15595.9
2730,2012-08-29,2012-04-01,15606.1
2731,2012-09-27,2012-04-01,15585.6
2732,2013-07-31,2012-04-01,16160.4
2733,2014-07-30,2012-04-01,16094.7
2734,2015-07-30,2012-04-01,16121.9
2735,2017-10-27,2012-04-01,16121.851
2736,2018-07-27,2012-04-01,16152.257
2737,2012-10-26,2012-07-01,15775.7
2738,2012-11-29,2012-07-01,15797.4
2739,2012-12-20,2012-07-01,15811.0
2740,2013-07-31,2012-07-01,16356.0
2741,2014-07-30,2012-07-01,16268.9
2742,2015-07-30,2012-07-01,16227.9
2743,2017-10-27,2012-07-01,16227.938999999998
2744,2018-07-27,2012-07-01,16257.151000000002
2745,2013-01-30,2012-10-01,15829.0
2746,2013-02-28,2012-10-01,15851.2
2747,2013-03-28,2012-10-01,15864.1
2748,2013-07-31,2012-10-01,16420.3
2749,2014-07-30,2012-10-01,16332.5
2750,2015-07-30,2012-10-01,16297.3
2751,2017-10-27,2012-10-01,16297.348999999998
2752,2018-07-27,2012-10-01,16358.863000000001
2753,2013-04-26,2013-01-01,16010.2
2754,2013-05-30,2013-01-01,16004.5
2755,2013-06-26,2013-01-01,15984.1
2756,2013-07-31,2013-01-01,16535.3
2757,2014-07-30,2013-01-01,16502.4
2758,2015-07-30,2013-01-01,16440.7
2759,2016-07-29,2013-01-01,16475.4
2760,2017-10-27,2013-01-01,16475.44
2761,2018-07-27,2013-01-01,16569.591
2762,2013-07-31,2013-04-01,16633.4
2763,2013-08-29,2013-04-01,16667.9
2764,2013-09-26,2013-04-01,16661.0
2765,2014-07-30,2013-04-01,16619.2
2766,2015-07-30,2013-04-01,16526.8
2767,2016-07-29,2013-04-01,16541.4
2768,2017-10-27,2013-04-01,16541.39
2769,2018-07-27,2013-04-01,16637.926
2770,2013-11-07,2013-07-01,16857.6
2771,2013-12-05,2013-07-01,16890.8
2772,2013-12-20,2013-07-01,16912.9
2773,2014-07-30,2013-07-01,16872.3
2774,2015-07-30,2013-07-01,16727.5
2775,2016-07-29,2013-07-01,16749.3
2776,2017-10-27,2013-07-01,16749.349
2777,2018-07-27,2013-07-01,16848.748
2778,2014-01-30,2013-10-01,17102.5
2779,2014-02-28,2013-10-01,17080.7
2780,2014-03-27,2013-10-01,17089.6
2781,2014-07-30,2013-10-01,17078.3
2782,2015-07-30,2013-10-01,16957.6
2783,2016-07-29,2013-10-01,16999.9
2784,2017-10-27,2013-10-01,16999.888
2785,2018-07-27,2013-10-01,17083.137
2786,2014-04-30,2014-01-01,17149.6
2787,2014-05-29,2014-01-01,17101.3
2788,2014-06-25,2014-01-01,17016.0
2789,2014-07-30,2014-01-01,17044.0
2790,2015-07-30,2014-01-01,16984.3
2791,2016-07-29,2014-01-01,17025.2
2792,2017-07-28,2014-01-01,17031.3
2793,2017-10-27,2014-01-01,17031.324
2794,2018-07-27,2014-01-01,17102.932
2795,2019-07-26,2014-01-01,17104.555
2796,2014-07-30,2014-04-01,17294.7
2797,2014-08-28,2014-04-01,17311.3
2798,2014-09-26,2014-04-01,17328.2
2799,2015-07-30,2014-04-01,17270.0
2800,2016-07-29,2014-04-01,17285.6
2801,2017-07-28,2014-04-01,17320.9
2802,2017-10-27,2014-04-01,17320.921000000002
2803,2018-07-27,2014-04-01,17425.766
2804,2019-07-26,2014-04-01,17432.909
2805,2014-10-30,2014-07-01,17535.4
2806,2014-11-25,2014-07-01,17555.2
2807,2014-12-23,2014-07-01,17599.8
2808,2015-07-30,2014-07-01,17522.1
2809,2016-07-29,2014-07-01,17569.4
2810,2017-07-28,2014-07-01,17622.3
2811,2017-10-27,2014-07-01,17622.256999999998
2812,2018-07-27,2014-07-01,17719.836
2813,2019-07-26,2014-07-01,17721.657
2814,2015-01-30,2014-10-01,17710.7
2815,2015-02-27,2014-10-01,17701.3
2816,2015-03-27,2014-10-01,17703.7
2817,2015-07-30,2014-10-01,17615.9
2818,2016-07-29,2014-10-01,17692.2
2819,2017-07-28,2014-10-01,17735.9
2820,2017-10-27,2014-10-01,17735.933
2821,2018-07-27,2014-10-01,17838.453999999998
2822,2019-07-26,2014-10-01,17849.912
2823,2015-04-29,2015-01-01,17710.0
2824,2015-05-29,2015-01-01,17665.0
2825,2015-06-24,2015-01-01,17693.3
2826,2015-07-30,2015-01-01,17649.3
2827,2016-07-29,2015-01-01,17783.6
2828,2017-07-28,2015-01-01,17874.7
2829,2017-10-27,2015-01-01,17874.715
2830,2018-07-27,2015-01-01,17970.422
2831,2019-07-26,2015-01-01,17984.178
2832,2015-07-30,2015-04-01,17840.5
2833,2015-08-27,2015-04-01,17902.0
2834,2015-09-25,2015-04-01,17913.7
2835,2016-07-29,2015-04-01,17998.3
2836,2017-07-28,2015-04-01,18093.2
2837,2017-10-27,2015-04-01,18093.224
2838,2018-07-27,2015-04-01,18221.299
2839,2019-07-26,2015-04-01,18219.405
2840,2015-10-29,2015-07-01,18034.8
2841,2015-11-24,2015-07-01,18064.7
2842,2015-12-22,2015-07-01,18060.2
2843,2016-07-29,2015-07-01,18141.9
2844,2017-07-28,2015-07-01,18227.7
2845,2017-10-27,2015-07-01,18227.689
2846,2018-07-27,2015-07-01,18331.093
2847,2019-07-26,2015-07-01,18344.713
2848,2016-01-29,2015-10-01,18128.2
2849,2016-02-26,2015-10-01,18148.4
2850,2016-03-25,2015-10-01,18164.8
2851,2016-07-29,2015-10-01,18222.8
2852,2017-07-28,2015-10-01,18287.2
2853,2017-10-27,2015-10-01,18287.226000000002
2854,2018-07-27,2015-10-01,18354.372
2855,2019-07-26,2015-10-01,18350.825
2856,2016-04-28,2016-01-01,18221.1
2857,2016-05-27,2016-01-01,18229.5
2858,2016-06-28,2016-01-01,18230.1
2859,2016-07-29,2016-01-01,18281.6
2860,2017-07-28,2016-01-01,18325.2
2861,2017-10-27,2016-01-01,18325.186999999998
2862,2018-07-27,2016-01-01,18409.13
2863,2019-07-26,2016-01-01,18424.283
2864,2016-07-29,2016-04-01,18437.6
2865,2016-08-26,2016-04-01,18436.5
2866,2016-09-29,2016-04-01,18450.1
2867,2017-07-28,2016-04-01,18538.0
2868,2017-10-27,2016-04-01,18538.039
2869,2018-07-27,2016-04-01,18640.732
2870,2019-07-26,2016-04-01,18637.253
2871,2016-10-28,2016-07-01,18651.2
2872,2016-11-29,2016-07-01,18657.9
2873,2016-12-22,2016-07-01,18675.3
2874,2017-07-28,2016-07-01,18729.1
2875,2017-10-27,2016-07-01,18729.13
2876,2018-07-27,2016-07-01,18799.648
2877,2019-07-26,2016-07-01,18806.743000000002
2878,2017-01-27,2016-10-01,18860.8
2879,2017-02-28,2016-10-01,18855.5
2880,2017-03-30,2016-10-01,18869.4
2881,2017-07-28,2016-10-01,18905.5
2882,2017-10-27,2016-10-01,18905.545
2883,2018-07-27,2016-10-01,18979.245
2884,2019-07-26,2016-10-01,18991.883
2885,2017-04-28,2017-01-01,19007.3
2886,2017-05-26,2017-01-01,19027.6
2887,2017-06-29,2017-01-01,19027.1
2888,2017-07-28,2017-01-01,19057.7
2889,2017-10-27,2017-01-01,19057.705
2890,2018-07-27,2017-01-01,19162.55
2891,2019-07-26,2017-01-01,19190.431
2892,2017-07-28,2017-04-01,19226.7
2893,2017-08-30,2017-04-01,19246.7
2894,2017-09-28,2017-04-01,19250.0
2895,2017-10-27,2017-04-01,19250.009
2896,2018-07-27,2017-04-01,19359.123
2897,2019-07-26,2017-04-01,19356.648999999998
2898,2017-10-27,2017-07-01,19495.476000000002
2899,2017-11-29,2017-07-01,19508.986
2900,2017-12-21,2017-07-01,19500.602
2901,2018-07-27,2017-07-01,19588.074
2902,2019-07-26,2017-07-01,19611.703999999998
2903,2018-01-26,2017-10-01,19738.887
2904,2018-02-28,2017-10-01,19736.491
2905,2018-03-28,2017-10-01,19754.102
2906,2018-07-27,2017-10-01,19831.828999999998
2907,2019-07-26,2017-10-01,19918.91
2908,2018-04-27,2018-01-01,19965.326
2909,2018-05-30,2018-01-01,19956.811
2910,2018-06-28,2018-01-01,19960.096999999998
2911,2018-07-27,2018-01-01,20041.047
2912,2019-07-26,2018-01-01,20163.159
2913,2018-07-27,2018-04-01,20402.502
2914,2018-08-29,2018-04-01,20411.87
2915,2018-09-27,2018-04-01,20411.924
2916,2019-07-26,2018-04-01,20510.177
2917,2018-10-26,2018-07-01,20659.029
2918,2018-11-28,2018-07-01,20660.34
2919,2018-12-21,2018-07-01,20658.203999999998
2920,2019-07-26,2018-07-01,20749.752
2921,2019-02-28,2018-10-01,20891.367
2922,2019-03-28,2018-10-01,20865.14
2923,2019-07-26,2018-10-01,20897.804
2924,2019-04-26,2019-01-01,21062.691000000003
2925,2019-05-30,2019-01-01,21048.839
2926,2019-06-27,2019-01-01,21060.062
2927,2019-07-26,2019-01-01,21098.827
2928,2019-07-26,2019-04-01,21337.897999999997
2929,2019-08-29,2019-04-01,21339.121
2930,2019-09-26,2019-04-01,21340.267000000003
2931,2019-10-30,2019-07-01,21525.819
2932,2019-11-27,2019-07-01,21542.104
2933,2019-12-20,2019-07-01,21542.54
